Name,ACT Median,SAT Average,Average Cost,Median Debt,Median Debt on Graduation,Median Debt on Withdrawal,Average Family Income,Median Family Income,Admission Rate
Abilene Christian University,24,1087,39811,20698.5,26237.5,9500,86392,75873.5,0.4894
Adams State University,20,939,17759,11000,0,11000,45711.23,34243,0.526
Adelphi University,22,1098,41559,21325,25000,13000,74831.68,54115,0.6814
Adrian College,22,1007,40199,14250,27000,7655,77959.35,71008.5,0.5628
Adventist University of Health Sciences,19,884,21358,15236,20730,9788,58585.71,49657.5,0.1336
AIB College of Business,0,0,22469,13125,20500,7125,56250.95,53783,0.6887
Alabama A & M University,17,823,18888,19500,33611.5,14250,40211.22,29039,0.8989
Alabama State University,17,830,17400,15854.5,33452,12500,31846.99,24029.5,0.5125
Albany College of Pharmacy and Health Sciences,27,1195,40718,24930.5,25000,15000,87171.28,80225,0.634
Albany State University,19,887,19025,24500,31750,17250,40236.45,29794,0.1992
Albertus Magnus College,0,830,41520,26313,29000,19392,61019.77,50062.5,0.6821
Albion College,25,1143,45690,22500,27000,12000,95788.54,85027.5,0.5639
Albright College,23,1033,46170,24562.5,28910,12500,75540.42,66577.5,0.6231
Alcorn State University,18,851,20330,19696.5,27940.5,17485,30021.21,21250,0.8291
Alderson Broaddus University,22,989,33057,9500,29000,5500,55945.87,48013,0.4321
Alfred University,25,1106,38830,21500,27000,6500,78026.36,69334,0.698
Allegheny College,26,1182,50044,27000,28800,8750,95883.88,85933,0.6487
Alma College,25,1100,43157,21500,27000,11000,86192.91,74312,0.6791
Alvernia University,20,976,39999,22500,27000,11000,64848.34,53135,0.7762
Alverno College,20,950,30496,25500,33110,15250,52454.06,38705,0.7887
American International College,19,885,40803,20726,27000,9500,60826.01,49259,0.6779
American University,28,1258,55159,19500,23500,9250,105560.77,86431,0.4312
Amherst College,32,1434,59060,10453,11185.5,7500,107166.93,85922,0.1428
Anderson University,23,1053,37937,23000,27999,12000,78026.29,72723,0.5545
Anderson University,24,1079,35340,19500,27000,9624.5,68927.17,58707.5,0.6502
Andrews University,23,1070,33653,23000,29500,15250,60803.03,53737,0.3751
Angelo State University,21,965,19511,11773,21594,8250,53847.09,43559,0.8049
Anna Maria College,0,0,42770,18125,26000,9500,73629.92,67437,0.7756
Appalachian State University,26,1156,17780,15635,19526,9500,78640.38,69100,0.6323
Aquinas College,24,1090,34593,19474,25000,15000,76310.3,72085,0.7135
Arcadia University,25,1095,48907,22000,27000,10875,83924.41,76319,0.5969
Arizona State University-Downtown Phoenix,24,1085,22909,16250,20375,11000,0,0,0.757
Arizona State University-Polytechnic,24,1106,21256,16250,20375,11000,63334.02,43477,0.7479
Arizona State University-Tempe,25,1145,21960,16250,20375,11000,63334.02,43477,0.8023
Arizona State University-West,23,1073,20269,16250,20375,11000,63334.02,43477,0.759
Arkansas State University-Main Campus,24,1088,18809,13300,20959,9750,38618.99,27550,0.7551
Arkansas Tech University,22,1008,16126,10043,17528,7500,42912.59,31932,0.8503
Armstrong Atlantic State University,21,997,19802,12750,20500,9500,48128.12,34921,0.6998
Art Center College of Design,0,0,56400,31000,36187,14750,55123.2,28815,0.8167
Asbury University,24,1110,33966,20325,26000,10548,75367.79,68034.5,0.6573
Ashland University,23,1043,40835,21500,27000,14750,71763.3,63187.5,0.7438
Assumption College,0,0,46763,24931,27000,9500,113725.25,103026,0.7422
Auburn University,27,1215,23788,18250,22250,11000,88745.91,71775.5,0.8274
Auburn University at Montgomery,21,970,16556,10750,21791,8250,40107.7,27378,0.8371
Augsburg College,23,1053,42531,23000,27000,18481.5,74730.25,60818,0.6086
Augustana College,24,1105,36828,25249,27000,12009,87730.97,76993.5,0.6809
Augustana College,0,0,45364,25000,27000,8000,99764.5,88060,0.5867
Aurora University,22,1011,31145,15000,22500,8750,69996.76,61464,0.7595
Austin College,25,1181,45800,23000,26000,8071,96751.26,83025,0.5861
Austin Peay State University,22,1009,18852,15000,25000,12101,41615.23,30942,0.8595
Avila University,22,1028,34898,18750,26500,10729.5,67407.58,53028,0.6108
Azusa Pacific University,24,1098,44021,19000,25000,18505.5,87044.35,72335.5,0.7985
Babson College,28,1258,58450,27000,27000,19500,104940.77,80987,0.2821
Baker University,24,1086,37485,21353,25291,11000,71428.09,60418,0.869
Baldwin Wallace University,24,1096,37504,24000,27000,14000,79087.32,74030,0.6396
Ball State University,22,1053,21101,18686,25000,9500,78230.63,73544,0.6054
Baptist Memorial College of Health Sciences,25,1125,19745,21000,31424.5,15750,54231.6,41376,0.463
Bard College,0,0,60280,20476,24000,9750,104078.1,86752.5,0.3761
Barnard College,30,1340,59581,16000,17493,9750,105139.12,77701,0.2053
Barry University,19,930,41019,21500,29884,14506.5,53233.76,37767.5,0.4678
Barton College,20,939,37437,21500,27500,11000,59406.39,43763.5,0.4177
Bates College,0,0,59285,16425,17058,6700,118325.02,106531,0.2417
Bay Path College,20,964,40447,18065,21538.5,13374.5,57186.55,45278,0.576
Bayamon Central University,0,0,11573,5500,7500,5325,16277.49,12591,0.7368
Baylor University,27,1215,51086,21000,25281,9500,93014.48,72163,0.5747
Becker College,22,1006,44041,15750,27166,14750,65321.14,54112,0.6255
Belhaven University,22,1033,33375,19500,31250,12500,50301.32,36084,0.4842
Bellarmine University,25,1116,47609,19500,25000,9461,79655.05,68519,0.9478
Belmont Abbey College,21,977,39328,18500,27000,11000,71640.74,55427,0.6759
Belmont University,27,1193,41450,19173,23250,8750.5,98697.97,83588,0.7987
Beloit College,27,1227,48236,23231.5,26500,12000,99694.61,90105,0.6769
Bemidji State University,21,990,18166,13500,21500,9500,63423.26,53717,0.6678
Benedictine College,25,1145,36805,19500,26250,9500,89380.43,79145.5,0.6057
Benedictine University,22,1030,35481,17188,21500,16000,65286.83,53068,0.695
Bentley University,28,1234,54806,26000,27000,17375,105823.11,93494,0.4379
Berea College,24,1113,30396,5496.5,5750,4676.5,30776.75,29786.5,0.3401
Berklee College of Music,0,0,56335,21046,27000,14000,94505.71,79421,0.3617
Berry College,27,1186,40965,15750,23875,5500,84014.55,71090,0.6032
Bethel College-Indiana,24,1047,33617,18275,21883.5,18092,62249.48,54043,0.7158
Bethel University,25,1144,42692,20500,23950,15000,96452.1,82520,0.9485
Bethel University,20,930,26864,14531,25000,11504,46908.56,37640.5,0.5103
Bethune-Cookman University,17,812,27017,18750,35650,11937.5,40392.46,31109,0.666
Biola University,25,1123,44573,19688,23969,12000,87464.81,71594,0.7286
Birmingham Southern College,26,1177,44512,21500,27000,9500,106237.94,89942.5,0.6422
Black Hills State University,21,993,15906,13575,25950,9500,54778.12,45782.5,0.8924
Bloomfield College,0,835,38858,18500,31000,11000,42126.74,32407,0.5464
Bloomsburg University of Pennsylvania,21,990,21732,18750,25568,8750,77200.99,72266.5,0.8856
Bluefield State College,19,905,14940,13000,20500,11000,29473.67,21135,0.4267
Boise State University,23,1050,18227,16309,24898,11582,45640.12,33780.5,0.7766
Boston College,32,1375,58639,19000,19000,12042,103787.15,81102,0.3222
Boston University,28,1279,59036,25500,27000,15562.5,106244,91507,0.4561
Bowdoin College,32,1423,58200,18000,19500,10978,111449.46,89780.5,0.1495
Bowie State University,19,886,18581,16500,23320,15500,57366.51,45228,0.5176
Bowling Green State University-Main Campus,22,1009,22416,17500,26000,9500,75338.2,70038,0.7247
Bradley University,26,1163,40330,23677,27000,10803,93987.58,85839,0.6694
Brandeis University,30,1347,58850,26000,27000,12000,113024.02,97995,0.3704
Brenau University,20,957,34107,18638,28956,12500,52547.48,40713,0.7829
Bridgewater College,23,1033,41180,19500,27000,7500,91813.53,82400,0.5493
Bridgewater State University,22,991,19303,19250,24998,11250,77015.48,72560,0.786
Brigham Young University-Hawaii,24,1081,14544,5780,10000,5500,39733.27,22339,0.3604
Brigham Young University-Idaho,23,1036,10438,7725,11966.5,6250,48558.75,31581,0.9963
Brigham Young University-Provo,29,1277,17174,9260.5,11000,7400,42156.62,20347,0.4942
Brown University,32,1425,58140,15164,16000,11966.5,103616.9,84559,0.0918
Bryan College-Dayton,23,1053,29489,9722,18750,8962,62141.47,55458.5,0.3762
Bryant University,25,1137,50858,26706,27000,10125,112373.37,104089,0.7655
Bryn Mawr College,30,1334,57586,22650,25000,12000,91611.46,70896,0.3992
Bucknell University,30,1306,59090,25000,27000,13650.5,121378.65,102976,0.2951
Buena Vista University,23,1050,39011,17879,24218,12500,53455.6,47120.5,0.6955
Buffalo State SUNY,0,975,18088,15895.5,21665.5,10750,57184.5,45557,0.4853
Butler University,28,1212,47010,25000,26600,10975,109689.19,99069,0.661
Cabrini College,20,896,43541,14875,26000,6250,96777.59,91613,0.7428
Caldwell College,21,949,38223,19125,26499,11930,66402.37,50740,0.6408
California Baptist University,21,984,39026,19500,27686.5,18750,75462.81,63947,0.788
California College of the Arts,0,0,53837,24500,27000,13182,63904.48,37618,0.8157
California Lutheran University,24,1108,48630,19500,23000,13000,95022.25,76461,0.4802
California Maritime Academy,24,1080,22223,21500,26000,18925,74171.52,60317.5,0.748
California Polytechnic State University-San Luis Obispo,28,1242,23867,17500,19500,12000,86747.55,72114,0.3123
California State Polytechnic University-Pomona,23,1070,19402,15703.5,18001,11691,46768.74,30962,0.5218
California State University-Bakersfield,19,901,18061,11000,16174.5,9000,38023.07,28069.5,0.6626
California State University-Channel Islands,20,954,22570,12500,16000,10325,51655.42,32103,0.6443
California State University-Chico,22,1014,22926,14889.5,16500,11596,58551.47,37864,0.7161
California State University-Dominguez Hills,17,845,12957,14191,17201.5,12390,33355.93,25199.5,0.5747
California State University-East Bay,19,910,20676,12500,16312,11349.5,36865.24,22898,0.6872
California State University-Fresno,19,920,16377,14500,16500,12000,40758.26,28781,0.5815
California State University-Fullerton,22,1021,16663,12900.5,14718,10224,46741.81,31500,0.4579
California State University-Long Beach,21,1012,18085,14494,15775,11000,45976.99,30725,0.3082
California State University-Los Angeles,18,871,14747,12000.5,14125,9834,27649.23,20015,0.6752
California State University-Monterey Bay,21,976,18479,13750,17750,10406.5,56504.19,38387,0.444
California State University-Northridge,19,918,20899,12500,15000,9000,39205.28,27373,0.4624
California State University-Sacramento,20,945,19380,15000,17250,12000,43423.41,28449,0.6968
California State University-San Bernardino,18,888,17030,16431,18482,12500,40191.82,28986.5,0.5831
California State University-San Marcos,21,966,20386,14000,18500,12500,49340.92,31166,0.6251
California State University-Stanislaus,19,917,17161,14000,16500,13713,43469.3,31658.5,0.7215
California University of Pennsylvania,19,964,23081,19168,25000,11500,66158.08,60595,0.9269
Calvin College,26,1183,39013,22500,26870,12500,97807.66,93258,0.6975
Campbell University,22,1030,40323,17000,24623.5,10500,63502.94,50771,0.6983
Campbellsville University,21,985,31545,12000,19500,9500,53677.57,45765,0.6844
Canisius College,25,1101,42796,20000,25000,10800,82047.93,78118,0.7251
Capital University,24,1102,42600,21500,27000,10728.5,73395.86,64146.5,0.7604
Cardinal Stritch University,22,1027,37563,24583,27875,19355,58949.97,48144.5,0.8423
Carleton College,31,1406,58275,16644,17500,10000,104347.16,91175.5,0.2095
Carlow University,20,946,35640,21500,27000,12500,57010.98,47364,0.9522
Carnegie Mellon University,32,1432,59710,23000,25000,14750,103727.25,90107.5,0.2549
Carroll College,24,1112,38575,21500,27000,7500,79554.2,68497,0.53
Carroll University,24,1090,37963,19500,27000,9500,80731.12,76166.5,0.8114
Carson-Newman University,23,1064,32446,15505,25500,8652,61406.98,52873,0.6657
Carthage College,24,1105,44910,20750,27000,11000,95747.7,89579,0.7018
Case Western Reserve University,31,1377,55783,22500,25000,14250,72928.28,57740,0.4188
Castleton State College,20,954,20799,18625,25596,8250,76421.19,69241,0.9205
Catawba College,0,985,37818,16500,22780,9277.5,74358.57,61774,0.4058
Catholic University of America,25,1118,54023,22000,26000,9500,120106.07,106352,0.6007
Cazenovia College,0,0,41576,15250,25740,5500,66686.68,54278,0.7795
Cedar Crest College,21,948,41240,23250,30575,10500,63707.67,53743.5,0.588
Cedarville University,27,1195,33652,19500,25000,12000,90859.17,83099,0.7401
Centenary College,21,956,44586,19837.5,25000,12000,80140.31,64948,0.9094
Central College,24,1089,43491,27000,27800,12498.5,89009.31,77865,0.658
Central Connecticut State University,22,1006,20372,16852.5,22894,11250,74112.94,66799.5,0.6413
Central Methodist University-College of Liberal Arts and Sciences,22,1006,32000,12580,17285,9500,55714.2,44654,0.6506
Central Michigan University,22,1029,21523,21721.5,27000,12000,77212.89,70233.5,0.6304
Central State University,17,825,17380,17411,39068,10500,34544.86,25877,0.3328
Central Washington University,21,986,21401,15916,21267,11109,64896.89,55180,0.8216
Centre College,29,1268,46400,21450,26063,8750,103884.41,90526,0.6857
Chaminade University of Honolulu,21,972,30801,15969.5,24082,12500,53188.8,35422,0.8359
Champlain College,25,1122,44636,21500,27000,10950,90632.33,80415,0.7079
Chapman University,27,1208,57020,19000,20250,14000,71813.4,53889,0.4471
Charleston Southern University,21,973,33245,15750,28000,10500,57372.21,44120.5,0.6887
Chestnut Hill College,21,960,42663,23500,27000,12500,60225.69,44204,0.5785
Chicago State University,19,892,18472,20862.5,27499,18111,25960.58,19349,0.2865
Chowan University,16,777,32188,9500,32000,9500,53764.13,41295,0.6154
Christian Brothers University,24,1105,34413,20600,27000,12000,59020.1,41418,0.4745
Christopher Newport University,26,1161,24696,19736.5,25000,12257,100542.29,95158,0.5902
Citadel Military College of South Carolina,23,1080,24827,19500,24211,12500,94258.6,83389,0.8041
Claflin University,18,873,29849,22055,30000,12265,35924.15,27154,0.526
Claremont McKenna College,31,1397,60065,12086,14000,7125,112417.66,88986.5,0.1173
Clarion University of Pennsylvania,0,915,20478,19000,26000,9500,62100.44,57055.5,0.9348
Clark Atlanta University,19,880,34201,20000,31500,11000,55844.37,41956,0.568
Clark University,0,0,47248,23000,26000,10250,88024.49,75720.5,0.6154
Clarkson University,26,1187,54772,24187,27000,14379,89280.81,82272,0.6403
Clayton State University,20,939,17487,18997,28117.5,14250,40773.94,30868,0.477
Clemson University,29,1259,27944,20008,22388.5,12000,97916.93,87306,0.5787
Cleveland State University,22,1030,22041,16500,24000,11888,43936.8,31001,0.6287
Coastal Carolina University,21,993,21601,14750,25000,8250,79662.53,67086.5,0.7404
Coe College,26,1166,45387,21875,27000,9500,81256.19,75314,0.6171
Coker College,20,956,32029,20850,31750,11500,50898.45,34833,0.5326
Colby College,30,1343,57300,18500,19461,6000,124510.95,104003,0.2604
Colby-Sawyer College,0,0,50644,21780,27000,8375,98809.94,90572,0.8312
Colgate University,31,1370,57745,15062.5,15625,7750,110016.68,91654,0.2638
College for Creative Studies,22,1010,46095,24000,28250,10124,79319.28,65746,0.486
College of Charleston,26,1165,25086,17000,22341,9500,90152.6,71255,0.7031
College of Mount Saint Vincent,20,919,37738,25000,28500,9500,70753.34,53055.5,0.731
College of Mount St Joseph,22,989,31989,22062.5,32000,21000,70365.07,62912,0.8755
College of Our Lady of the Elms,19,928,40802,22160.5,27000,13624.5,71994.52,71106.5,0.7492
College of Saint Benedict,26,1157,47734,23250,26337,8750,105916,94964,0.7554
College of Staten Island CUNY,0,1000,14298,9000,16872,7500,40286.29,27650,0.9975
College of the Holy Cross,0,0,56706,27000,27000,10900,125254.65,108458,0.3297
College of the Ozarks,23,1050,26813,0,0,0,33369.07,32674.5,0.1301
College of William and Mary,30,1358,25938,19500,20785.5,12000,112915,98940,0.3321
Colorado Christian University,0,0,36956,9500,25351,7336,67437.7,54471,0.9764
Colorado College,30,1323,54200,17255,18049.5,12000,100140.33,73379,0.2228
Colorado Mesa University,21,972,18077,11250,22000,9500,53915.8,40837,0.8212
Colorado School of Mines,29,1298,29091,22625,26025,11700,83465.13,74554,0.3743
Colorado State University-Fort Collins,25,1127,21823,16707.5,21250,9750,81929.11,69107,0.7743
Colorado State University-Pueblo,21,967,18007,12061,21199,8250,50889.72,38635,0.9434
Columbia College-Chicago,0,0,37546,20000,26000,11000,75378.25,58289.5,0.9053
Columbia University in the City of New York,33,1471,61540,17125,19435,14500,59265.49,30939,0.0742
Columbus College of Art and Design,22,1035,39478,26945,27000,12000,75000.48,63255,0.8551
Columbus State University,21,984,17029,14750,24594,11227,48872.34,35427.5,0.5543
Concord University,21,980,17146,11028,21500,9065,47421.17,37164,0.457
Concordia College at Moorhead,25,1144,39803,24500,27000,8750,91300.58,84068,0.7998
Concordia University-Chicago,22,1030,34774,15750,25000,9500,69992.09,61882,0.5441
Concordia University-Irvine,23,1020,41233,18112,21500,12500,86157.18,71434,0.9119
Concordia University-Nebraska,24,1091,33226,18225,25000,8750,77896.81,68665,0.7152
Concordia University-Portland,21,993,35963,17500,26740,12000,64443.3,53453,0.5592
Concordia University-Saint Paul,21,991,40267,16667,23000,11225,66177.34,57993.5,0.5239
Concordia University-Texas,23,1035,37394,15224,25500,9836.5,74551.81,58229.5,0.4685
Concordia University-Wisconsin,23,1049,36660,14250,25153,11966,64997.18,56964,0.6992
Connecticut College,0,0,58690,20712.5,24050,9550,108711.44,94160,0.3585
Coppin State University,0,880,16147,12250,19031,10000,36493.98,29366,0.355
Cornell College,26,1182,46135,25015,27000,9500,90358.36,82517,0.6411
Cornell University,32,1422,59572,11500,12000,9496,97334.41,81957,0.1556
Cornerstone University,24,1084,33912,17750,23469,13291,64075.53,55078,0.6807
Covenant College,26,1173,38510,18500,21950,12000,72154.89,61514,0.5704
Creighton University,27,1214,46248,21500,23750,13950,101259.23,80669.5,0.7665
Crown College,21,983,34574,14625,27000,9500,61329.29,53587.5,0.55
Cumberland University,21,986,33402,17259,22143,11500,62062.35,47713,0.473
CUNY Bernard M Baruch College,0,1225,15112,10000,11500,8000,29059.07,21425,0.2483
CUNY Brooklyn College,0,1100,13903,9500,11000,8500,27433.12,19691,0.3198
CUNY City College,0,1110,14041,10000,12500,8000,26864.6,20534,0.341
CUNY Hunter College,0,1160,14478,9500,10500,8500,32945.53,22554,0.2972
CUNY John Jay College of Criminal Justice,0,950,13308,8251,11500,6500,30945.09,23126,0.3405
CUNY Lehman College,0,1020,12957,7500,9500,6500,25737.31,20048.5,0.2328
CUNY Queens College,0,1100,13676,9054,11200,7639.5,31861.75,22794.5,0.3702
CUNY York College,0,905,13967,7000,10000,5500,25815.23,21863,0.351
Curry College,18,931,47519,18625,26000,9500,83511.34,74416,0.6692
Daemen College,0,0,32649,15750,23250,9500,65327.98,56566,0.4864
Dakota State University,22,1010,17201,12500,24933,8836,58402.06,52416,0.8297
Dallas Baptist University,23,1078,32489,17348.5,23430,10250,63393.55,48905.5,0.423
Dartmouth College,32,1446,61398,10695.5,11625,6962,102621.61,78815,0.0978
Davenport University,0,0,25439,19000,30250,14397,35405.77,26029,0.917
Davidson College,31,1353,54930,15750,16662.5,8750,118112.31,111520,0.2561
Delaware State University,18,890,20506,15000,29000,9500,51471.74,40163,0.4168
Delaware Valley College,22,1005,44778,19500,26500,8744,86198.23,79773,0.6834
Delta State University,20,950,17749,12500,21300,11170,40481.95,25297.5,0.8941
Denison University,29,1285,54490,22000,25000,8000,120939.76,101305,0.4597
DePaul University,26,1163,46375,20500,24165.5,13475,74671.61,54683,0.5987
DePauw University,27,1215,51050,21000,24500,8750,107948.47,92959,0.6121
DeSales University,24,1069,45331,19500,27000,16535,85347.7,77146,0.758
Dickinson College,29,1285,58149,19545,21000,7500,119315.61,100478,0.4444
Dickinson State University,21,965,13314,13000,20362,8750,53071.16,47245.5,0.4868
Dillard University,19,884,25343,20000,32925,12250,44677.8,31979,0.3544
Doane College-Crete,24,1077,36370,18624,22529,14027,64588.47,56267,0.7173
Dominican College of Blauvelt,21,899,35825,19000,29250,10250,65972.18,50370,0.7189
Dominican University,22,1031,36307,18656,25000,11000,70505.27,58497.5,0.5997
Dominican University of California,23,1057,56165,25222,27000,14000,73265.64,54367,0.7752
Dordt College,25,1119,37080,19500,24000,8110,82944.11,74121,0.7542
Dowling College,0,0,39399,19250,25000,12500,69754.83,51876,0.7828
Drake University,28,1240,42477,21500,25000,12000,97812.93,88132.5,0.6595
Drew University,25,1109,56932,25000,27000,9500,108375.38,94248,0.7743
Drexel University,27,1197,53831,17027.5,26098,10873,84469.63,69348,0.815
Drury University,25,1146,32556,16000,23500,10000,44503.69,31562.5,0.8095
Duke University,32,1444,59528,6569,6500,7000,92670.02,73265,0.1342
Duquesne University,25,1122,42280,25500,27000,12000,90458.69,81511,0.7409
D'Youville College,23,1047,32741,20325,26000,12500,51654.16,37451,0.7908
Earlham College,29,1262,50930,21197,27000,11000,94178.23,79944,0.637
East Carolina University,23,1050,19851,18500,23775.5,11000,65286.33,53731,0.6217
East Central University,21,969,13735,12449,19500,9287,37633.71,27762,0.9814
East Stroudsburg University of Pennsylvania,20,946,20282,16750,23955,12000,81363.98,76873.5,0.7844
East Tennessee State University,22,1026,22485,14250,20259,10500,49111.05,36276,0.8649
East Texas Baptist University,20,957,30172,11411,23321,9000,63936.79,52871,0.7362
Eastern Connecticut State University,22,1017,22633,17500,23000,10247.5,81834.42,76549,0.6453
Eastern Illinois University,22,1010,23346,18750,23767,11467,75174.62,69586,0.6191
Eastern Kentucky University,22,1009,17801,14921.5,23179.5,9766.5,53226.68,40016,0.6002
Eastern Mennonite University,22,999,38009,14926,22348,10749,77305.35,66842,0.6505
Eastern Michigan University,22,1011,18905,19114.5,26000,14000,64529.91,52069,0.6398
Eastern New Mexico University-Main Campus,20,932,15021,9436,16166,7500,32978.68,24637,0.6321
Eastern Oregon University,0,935,18959,14820,22500,12175.5,47863.56,38491,0.67
Eastern University,21,1041,39764,20927,26181.5,14311.5,76532.53,70417,0.6409
Eastern Washington University,21,970,19831,15265,20500,11666,55129.84,43755.5,0.7967
Eckerd College,26,1138,49802,23000,27000,20500,88787.07,71700,0.7104
Edgewood College,23,1050,35645,20568,26975,12000,74441.92,63152,0.7656
Edinboro University of Pennsylvania,20,930,19886,18750,27000,10250,58219.63,51587,0.8735
Elizabeth City State University,17,849,10620,18137,24886,12692,36585.54,26308,0.5715
Elizabethtown College,25,1117,47390,23872.5,27000,7052,97288.84,90303,0.6957
Elmhurst College,24,1084,41472,18791.5,23250,9500,78522.59,67472.5,0.718
Elmira College,24,1060,50608,21500,27000,8252,83550.66,73671,0.7978
Elon University,25,1200,41679,20500,24500,19000,118353.3,104953,0.5398
Embry-Riddle Aeronautical University-Daytona Beach,24,1105,45648,16500,26000,11750,71628,52839,0.7405
Embry-Riddle Aeronautical University-Prescott,26,1171,45228,16500,26000,11750,71628,52839,0.7898
Embry-Riddle Aeronautical University-Worldwide,0,0,20932,16500,26000,11750,71628,52839,0.9944
Emerson College,28,1240,51158,21500,23312,8750,108523.09,94808,0.4798
Emmanuel College,24,1090,49487,24250,27000,11250,91299.92,81534,0.6049
Emory University,31,1363,58180,19000,19500,12000,95403.45,64962,0.2633
Emporia State University,22,1030,15612,14000,21000,9500,60261.55,54559,0.6069
Endicott College,23,1070,44177,23250,27000,6500,112351.07,109499.5,0.7165
Evangel University,23,1046,30988,16000,22975,10803.5,67444.26,58776,0.6425
Everglades University,0,0,27322,27332,44974,10500,44637.68,31989,0.9104
Fairfield University,0,0,56628,24000,26778,6750,131692.71,116850,0.7116
Fairleigh Dickinson University-College at Florham,0,1020,51159,18750,25000,11000,76470.17,57373,0.7774
Fairleigh Dickinson University-Metropolitan Campus,0,985,43227,18750,25000,11000,76470.17,57373,0.7341
Fairmont State University,21,965,14710,14210,23478,10500,45075.59,36183,0.6649
Farmingdale State College,21,969,15258,11000,15393,10000,60549.91,44234,0.5264
Fayetteville State University,18,851,13188,17003.5,21232,13043,35071.6,26610.5,0.5496
Felician College,19,877,41750,20834,25000,16067.5,64996.12,48610,0.8819
Ferris State University,22,1010,21498,17562,25522,11250,67189.85,59172,0.759
Ferrum College,17,868,38620,11250,30920,10250,63285.28,52888,0.7411
Fitchburg State University,20,987,17686,15529.5,21750,8750,75368.32,70609.5,0.7211
Flagler College-St Augustine,23,1096,28305,16500,23638,7500,72203.48,61140,0.4987
Florida Agricultural and Mechanical University,20,947,19191,20750,27274.5,15500,46236.87,33649,0.45
Florida Atlantic University,22,1039,19131,12500,17250,9500,46536.36,32086,0.4773
Florida Gulf Coast University,22,1024,18097,11625,18500,8250,62264.97,46981,0.6579
Florida Institute of Technology,26,1153,52490,8509,26158,7227,87401.79,73416.5,0.6045
Florida International University,26,1154,18426,13750,17750,10500,38171.07,27626,0.4304
Florida Memorial University,0,0,25036,23750,44500,19000,29533.62,21893.5,0.4159
Florida Southern College,25,1102,38413,18375,25000,9500,68962.06,56919.5,0.4989
Florida State University,27,1212,20774,18750,21000,12999.5,68162.48,51372.5,0.5681
Fontbonne University,23,1070,30833,25000,27750,20987.5,61278.18,45291,0.6524
Fordham University,28,1258,56604,21500,25000,9652,96092.62,74870,0.4713
Fort Hays State University,21,990,15395,11606,20075,8429,55153.96,48317,0.8917
Fort Lewis College,23,1049,19565,10500,20000,6250,64088.61,47128,0.875
Fort Valley State University,0,830,19801,19000,35500,14250,42540.16,30464.5,0.3273
Framingham State University,22,1040,21402,15522.5,23853,8250,78825.5,72222.5,0.5167
Francis Marion University,20,938,19965,19250,31251,11625,52223.66,38222,0.5667
Franciscan University of Steubenville,26,1163,32761,20500,25000,10000,94321.98,82655.5,0.7607
Franklin and Marshall College,0,0,58518,23000,25000,10000,130432.83,113508,0.3931
Franklin Pierce University,19,975,44410,15289,27000,9211,80237.61,68287,0.8472
Freed-Hardeman University,24,1098,32814,19125,26950,9502,69532.63,64443,0.9203
Fresno Pacific University,20,979,33973,16802,19205,14500,56054.12,44931.5,0.7844
Friends University,21,977,33388,20834,25000,20000,56227.91,45203.5,0.5862
Frostburg State University,20,963,19454,16750,22617.5,9500,78080.06,68365.5,0.5945
Furman University,28,1237,55434,20500,24736.5,8750,111409.56,93139.5,0.6397
Gallaudet University,18,841,29852,12000,16320.5,7603,42756.46,26730,0.6558
Gannon University,23,1050,37572,22068,27000,9500,72631.28,68879,0.8042
Gardner-Webb University,22,1018,35790,17840,23377,9978.5,57914.44,46379.5,0.4817
Geneva College,23,1070,34818,20593,26484.5,12108,67412.84,60823.5,0.6802
George Fox University,23,1070,41836,18750,22000,10500,78838.13,66182,0.7528
George Mason University,26,1155,22332,17250,20250,11000,72029.93,53311,0.6203
George Washington University,29,1297,58925,22723,25175,13500,105732.4,85746,0.3308
Georgetown College,24,1085,42036,21445,27000,12000,85596.2,79282.5,0.8219
Georgetown University,31,1398,59900,17125,17500,12000,87179.34,60247,0.1697
Georgia College and State University,24,1126,23052,16250,21304,11000,81197.18,72314,0.6798
Georgia Institute of Technology-Main Campus,30,1352,21980,20750,22750,14000,94533.48,82697,0.5493
Georgia Regents University,21,1002,7715,6250,10000,5500,0,0,0.4103
Georgia Southern University,23,1094,21513,16250,21927,10750,75183.28,61757,0.52
Georgia Southwestern State University,20,950,17839,14500,20000,11000,45710.89,31658.5,0.6803
Georgia State University,23,1060,23124,17070,23000,12500,53412.71,38306,0.5466
Georgian Court University,0,900,38533,19500,25537.5,12000,71795.42,59396,0.779
Gettysburg College,28,1282,55770,19957,22227,7000,131825.39,107490,0.4163
Glenville State College,19,879,19910,13282.5,27000,9500,42335.34,32757,0.7446
Gonzaga University,27,1204,46475,26035,27000,16049.5,102446.28,87057,0.6651
Gordon College,26,1156,43140,23000,27000,12000,97646.34,88787,0.4133
Goucher College,0,0,50840,19500,25000,9500,103640.46,88524,0.7173
Grace College and Theological Seminary,23,1050,32506,17675,22700,7738.5,78685.69,71611,0.7884
Graceland University-Lamoni,21,969,34494,18089.5,25000,10500,59558.41,52671.5,0.5018
Grambling State University,18,863,20881,23750,38172.5,17412,34278.86,23973,0.4363
Grand Valley State University,24,1090,21512,20898.5,26500,12000,78034.29,72885.5,0.826
Grand View University,21,979,31761,18500,25000,10300,64073.16,54502,0.9542
Greenville College,22,1033,33675,16568,24550,12000,65457.64,61294,0.657
Grinnell College,30,1357,53318,10022.5,10775,7950,98649.16,88440,0.3506
Guilford College,23,1067,44255,18500,27325,9250,57515.57,36082.5,0.6818
Gustavus Adolphus College,27,1224,48422,26000,27000,11440,108308.7,93107,0.6322
Gwynedd Mercy University,19,944,39051,20250,26000,11597,79474.28,70168,0.6591
Hamilton College,31,1384,57420,15500,16500,7475,110802.25,99145,0.2719
Hamline University,24,1106,43433,18250,25018.5,12000,71451.3,61451,0.6557
Hampden-Sydney College,25,1113,49139,19500,27000,7221,123258.46,105824,0.5486
Hampshire College,0,0,57765,16250,20000,8750,102781.22,88959,0.6369
Hampton University,21,990,32358,22870,27474,13050,69758.11,55050,0.3605
Hanover College,26,1130,42198,22225,27000,5500,90897.96,82681,0.6673
Harding University,25,1139,25475,19801.5,26250,12500,83726.71,76594,0.7628
Hardin-Simmons University,23,1035,32001,16137,27000,7500,71686.11,60884,0.3759
Hartwick College,25,1126,48699,19500,27000,8500,92072.97,77126,0.8424
Harvard University,34,1501,57950,7500,6000,12500,60645.79,33323.5,0.0584
Hastings College,24,1083,35673,20500,27000,9750,80636.78,72062,0.7364
Haverford College,32,1400,59654,13399,13852.5,6500,108246.15,89312.5,0.2349
Hawaii Pacific University,22,1005,29762,16250,25000,10308,58493.03,41600,0.6411
Henderson State University,22,1011,18033,10443,20191,8500,44544.81,32258,0.6221
Hendrix College,29,1267,50172,19500,24924,13500,100605.48,80333,0.8039
High Point University,24,1087,42300,18250,25394.5,7080,62315.07,47907.5,0.6418
Hiram College,22,1030,42672,21333.5,27000,10500,70702.85,63023.5,0.5736
Hobart William Smith Colleges,0,0,57699,26500,27000,12000,112124.84,95616.5,0.4944
Hodges University,0,0,23659,14900,27607.5,11109.5,38391.52,27787,0.8281
Hofstra University,26,1165,49604,19150,23900,10900,90094.08,74751,0.5871
Holy Family University,19,933,31949,22498.5,27000,11000,66036.94,58483.5,0.7585
Hood College,22,1030,45230,22375,27000,12500,80494.07,72812,0.8102
Hope College,27,1204,38593,25000,27000,14025,107260.41,91493,0.7253
Houghton College,25,1113,38352,19000,23500,18750,70824.5,62241.5,0.9108
Houston Baptist University,24,1075,36095,12500,25000,8250,52507.59,34306,0.7318
Howard Payne University,20,953,32861,12275,23412.5,9500,57439.52,46720,0.5382
Howard University,24,1081,40129,24250,27000,15750,63421.37,47531,0.493
Humboldt State University,21,1008,23113,15000,20250,10730,47467.44,26935.5,0.8018
Huntingdon College,22,999,31433,16850,27000,9500,63952.76,54275.5,0.6279
Huntington University,24,1054,34764,21875,27000,13362,78159.98,72496.5,0.9732
Husson University,19,962,25019,21329,26000,12466,54963.01,46670,0.7989
Illinois Institute of Technology,28,1252,48940,22015,26981.5,12000,69130.16,55985.5,0.5697
Illinois State University,24,1110,25416,18750,22500,9500,86459.94,82019,0.6892
Illinois Wesleyan University,28,1241,48522,25000,27000,9000,113545.76,103114.5,0.5838
Immaculata University,20,943,45011,22000,26000,14073.5,72962.38,62480,0.7964
Indiana Institute of Technology,20,934,35911,10250,28743.5,9500,54055.17,43973.5,0.7225
Indiana State University,19,910,19549,11726.5,24193,9500,60917.09,52313,0.8306
Indiana University of Pennsylvania-Main Campus,20,973,22936,20500,27000,11388,70406.75,63430,0.9049
Indiana University-Bloomington,27,1198,23043,19500,23628,15000,92768.66,80326,0.7217
Indiana University-East,21,943,15334,13336,23388,9552,41221.38,33572,0.5381
Indiana University-Kokomo,21,950,15874,12050,19500,9500,53539.93,42220,0.7355
Indiana University-Northwest,20,918,18092,14950,29036.5,12265.5,44723.98,29342,0.7625
Indiana University-Purdue University-Fort Wayne,22,996,18837,15517,26000,10791,55513.79,45905.5,0.8309
Indiana University-Purdue University-Indianapolis,22,1013,20846,16500,25388,12287,56695.09,43017,0.6958
Indiana University-South Bend,21,962,17377,14000,25724,10250,52103.27,42462,0.7003
Indiana University-Southeast,20,950,16753,12500,22915,9500,51830.59,41532,0.7945
Indiana Wesleyan University,24,1083,33770,21500,24806.5,12125,69016.27,61954.5,0.9515
Inter American University of Puerto Rico-Aguadilla,0,0,10896,7250,8500,7000,17971.97,13417.5,0.8642
Inter American University of Puerto Rico-Arecibo,0,0,12408,7250,8500,7000,17971.97,13417.5,0.47
Inter American University of Puerto Rico-Barranquitas,0,0,11331,7250,8500,7000,17971.97,13417.5,0.4761
Inter American University of Puerto Rico-Bayamon,0,0,10413,7250,8500,7000,17971.97,13417.5,0.4439
Inter American University of Puerto Rico-Fajardo,0,0,10578,7250,8500,7000,17971.97,13417.5,0.7632
Inter American University of Puerto Rico-Guayama,0,0,11944,7250,8500,7000,17971.97,13417.5,0.7286
Inter American University of Puerto Rico-Metro,0,0,13319,7250,8500,7000,17971.97,13417.5,0.3711
Inter American University of Puerto Rico-Ponce,0,0,10884,7250,8500,7000,17971.97,13417.5,0.5307
Inter American University of Puerto Rico-San German,0,0,10830,7250,8500,7000,17971.97,13417.5,0.6976
Iona College,22,1009,44623,21000,25250,12000,94283.08,79521,0.9212
Iowa State University,25,1145,18820,19750,25250,9751,81434.68,73557,0.8252
Ithaca College,0,0,53521,23251,26300,9026,103308.55,92718,0.666
Jackson State University,19,910,18724,23750,31000,19500,29677.48,21113,0.6464
Jacksonville State University,23,1036,19202,16500,23500,12000,47062.65,35158,0.8326
Jacksonville University,22,1010,42459,15000,22334,11145,68702.63,55957,0.4737
James Madison University,25,1149,21980,18500,20683.5,9500,108473.44,99908,0.6356
John Brown University,25,1144,33326,17900,22500,13000,65047.55,53841.5,0.6982
John Carroll University,25,1112,45714,23489.5,27000,9548.5,104804.16,88730,0.8334
Johns Hopkins University,32,1418,58980,17500,18500,15504,83968.47,57761.5,0.1813
Johnson & Wales University-North Miami,0,0,38974,20667,27000,11000,71585.99,55421,0.6496
Johnson & Wales University-Providence,0,0,40136,20667,27000,11000,71585.99,55421,0.7602
Johnson C Smith University,17,826,30314,18750,32000,11000,45964.04,34256.5,0.3668
Johnson State College,19,948,20404,18000,26268,12000,55871.96,43579,0.9688
Judson University,23,1045,37635,18245.5,25000,9500,73319.5,67400.5,0.7069
Juniata College,0,0,47269,26976.5,27000,8750,90303.29,81010.5,0.7409
Kalamazoo College,28,1240,48547,24000,27000,12000,108955.67,97614,0.6689
Kansas State University,0,0,20140,17000,22500,10500,76027.75,66719,0.9591
Kean University,0,905,19462,18750,24000,12500,60112.31,44190,0.8037
Keene State College,0,975,24614,20000,26000,7550,90119.45,83694,0.8185
Kennesaw State University,23,1068,20630,15000,22500,11000,57729.39,41150.5,0.5654
Kent State University at Kent,23,1048,23995,16500,26225,10500,61046.44,51560,0.8302
Kentucky State University,18,860,18387,14750,34942,12157,41361.97,31104,0.3774
Kenyon College,30,1328,57910,16491,18304.5,10000,124272.54,110054,0.3838
Kettering University,27,1198,49303,22500,26761.5,20000,88987.34,83977,0.6159
Keuka College,0,0,42008,21825,26897.5,16953,64310.04,56190,0.8778
Keystone College,19,901,31012,16836,26000,12000,53936.18,45833,0.7205
King University,23,1039,36533,17910,20500,13750,59579.65,52011,0.6377
King's College,0,0,41453,22250,27000,9500,86028.03,78687.5,0.7151
Knox College,0,0,46291,25000,27000,12900,92964.36,84560.5,0.7496
Kutztown University of Pennsylvania,20,959,23130,18750,26000,9500,79126.45,74351,0.8179
La Roche College,21,931,35493,18750,25000,9500,67680.38,62381,0.5565
La Salle University,22,996,47134,20616.5,27000,12431.5,83518.91,71045.5,0.8021
La Sierra University,20,926,39842,14500,27000,12000,65695.31,51186,0.4677
Lafayette College,29,1283,57688,21648,24338,6500,122599.26,107123,0.3414
Lake Forest College,26,1157,49743,24000,27000,9500,96529.57,81078,0.5727
Lake Superior State University,23,1050,19571,16563,25869,9750,56752.05,48687,0.9183
Lakeland College,22,1007,32706,19023.5,27000,12500,56436.15,45209,0.6621
Lamar University,21,974,21142,12500,23182,9500,44121.96,31781.5,0.7682
Lancaster Bible College,19,982,27372,12000,18750,8750,66006.2,60888,0.5813
Lander University,20,945,21628,15250,26780,9500,57754.73,45814,0.4216
Lane College,15,716,17406,16018,31478,9500,31750.65,25617,0.4916
Lasell College,21,974,43854,23000,26000,8750,86819.79,77869,0.7614
Lawrence Technological University,25,1145,39890,21500,27850,13875,74787.91,63620,0.4365
Lawrence University,0,0,50570,27000,27050,16000,104424.87,91379,0.7269
Le Moyne College,24,1080,42068,21216.5,25750,11500,75088.06,62276,0.619
Le Moyne-Owen College,16,760,16427,12250,0,12240,24665.5,17437.5,0.2335
Lebanon Valley College,25,1112,46169,24500,27000,10500,92767.68,88001.5,0.6686
Lee University,24,1094,23554,17686.5,28000,10837.5,64378.91,54410,0.9165
Lehigh University,30,1322,55441,22500,24750,13000,125770.36,102543,0.3084
Lenoir-Rhyne University,21,976,39425,17714,25000,9500,74504.47,62412.5,0.6806
Lesley University,24,1065,47788,19500,25000,12874.5,70943.6,55849,0.6749
LeTourneau University,26,1175,37031,23250,29250,15750,57117.48,44614.5,0.4066
Lewis & Clark College,29,1279,53455,19115,22389.5,10500,83576.98,67573,0.6285
Lewis University,24,1088,34079,20000,25000,15223,78739.55,71614,0.5587
Lewis-Clark State College,20,936,16184,12500,22231,9200,39595.63,30202,0.9977
Liberty University,23,1030,31344,12612,24750,9874,62521.01,51134,0.2165
Limestone College,22,1010,34658,20000,29250,12500,43422.74,31465.5,0.5322
Lincoln Memorial University,23,1054,31241,15000,18832,9500,41205.47,31386,0.6995
Lincoln University of Pennsylvania,18,853,22497,24376,33830,14778,44650.53,35974,0.6133
Lindenwood University,23,1045,30193,20500,27000,14000,74703.81,62127,0.6629
Linfield College-McMinnville Campus,24,1090,45708,22697,25000,12000,79097.27,65697,0.9219
Lipscomb University,25,1149,37181,14500,22125,9500,86133.94,79148,0.527
LIU Brooklyn,20,921,42712,18325.5,25000,12500,19232.08,15328,0.869
LIU Post,21,974,44701,18325.5,25000,12500,57894.33,39528,0.8067
Livingstone College,15,723,25050,16750,40000,9500,36233.21,28538.5,0.7122
Lock Haven University,20,937,19145,18162,27000,9283.5,66735.94,61119,0.8777
Longwood University,21,1002,23707,19000,25327,11125,85619.87,82459,0.8136
Loras College,24,1088,37622,24225,27000,8000,89740.93,79300,0.6903
Louisiana College,21,968,22940,11750,22707,9201,62856.44,49554.5,0.7423
Louisiana State University and Agricultural & Mechanical College,26,1162,20422,13000,19500,8250,70702.73,52648,0.7623
Louisiana State University-Alexandria,20,950,14276,9000,17750,6500,35477.1,25217,0.6074
Louisiana State University-Shreveport,22,1030,15066,12500,20322,10500,42687.86,28984,0.8349
Louisiana Tech University,24,1089,16983,13632.5,20984.5,8583,57506.42,43568,0.6744
Lourdes University,0,0,27429,20000,32650,14250,46909.66,30582.5,0.6932
Loyola Marymount University,27,1202,55432,20201.5,22299.5,13562.5,101494.67,76696,0.5412
Loyola University Chicago,27,1195,47727,22934,25751,11000,85748.31,67583.5,0.914
Loyola University Maryland,27,1194,56736,26000,27000,8490.5,134101.78,112164,0.58
Loyola University New Orleans,25,1143,46676,18500,26070,11250,88998.94,72625,0.8707
Lubbock Christian University,22,1010,28493,18500,24998,12500,62284.68,49495,0.9489
Luther College,26,1175,46548,26902,27000,11500,99210.06,90605,0.7212
Lycoming College,24,1047,44256,27000,27000,9500,84603.86,75474,0.7162
Lynchburg College,22,1002,41818,21500,27000,18000,90083.99,77604,0.6369
Lyndon State College,20,930,19178,14200,26900,8535.5,65000.85,56155,0.9934
Lynn University,20,940,48735,13000,19500,8750,87543.56,56163,0.776
Macalester College,31,1350,55393,21996.5,23501.5,13717.5,93155.63,85439.5,0.3416
Madonna University,22,1034,22629,21733,25000,18869,58679.09,41119.5,0.6125
Malone University,23,1046,35213,19549,25500,12000,67635.7,63498,0.7179
Manchester University,22,1017,38505,19500,27000,5500,76767.12,74409.5,0.7116
Manhattan College,25,1090,44895,21500,25500,9500,104919.34,94555,0.6617
Manhattanville College,0,1075,49907,18750,26000,9500,85034.73,68915,0.7674
Mansfield University of Pennsylvania,21,964,21432,19000,27000,9500,60395.19,53497,0.9229
Marian University,20,950,33656,21500,27000,11000,65324.46,61347,0.7561
Marian University,22,1024,39369,23412.5,30090,10500,61627.36,48632,0.5795
Marietta College,24,1105,42205,22353,27000,9500,82604.15,71762,0.6387
Marist College,0,0,45962,22034,25500,10661.5,113031.97,104976.5,0.3745
Marquette University,27,1217,46649,24760,27000,11000,105199.44,93069,0.5745
Mars Hill University,20,941,36669,12000,26750,9500,61433.56,50049,0.6447
Marshall University,22,1022,16361,14726.5,23804,9750,51886.47,41261,0.7868
Mary Baldwin College,22,959,39432,18750,27250,12500,62677.27,51999,0.8835
Marygrove College,16,780,25733,16750,35000,11369,31358.87,20826,0.9378
Maryland Institute College of Art,0,1175,52649,23000,27000,11125,99535.03,89961,0.5803
Marymount Manhattan College,24,1053,45323,15516,23000,8250,95424.1,75779,0.7463
Marymount University,22,1030,36832,20500,25000,15319,75571.78,57612,0.8252
Maryville College,24,1068,41481,19000,27000,13500,70519.43,61945.5,0.7259
Maryville University of Saint Louis,25,1142,37968,19909,24990,14000,76255.16,65418,0.7611
Marywood University,0,1050,41657,23250,27000,12000,69787.79,61757,0.713
Massachusetts College of Art and Design,25,1081,25384,22500,26000,12000,74521.53,60374,0.6982
Massachusetts College of Liberal Arts,23,1032,20025,18499,25000,10500,64872.32,56421.5,0.672
Massachusetts Institute of Technology,34,1503,57010,13000,13645,10515,95848.89,79076,0.0815
Massachusetts Maritime Academy,22,1051,22420,23250,27000,12000,89790.92,86279,0.7726
McDaniel College,24,1105,45866,22000,27000,12000,97433.64,89429,0.7587
McKendree University,23,1046,37004,17613,24250,10500,61352.61,52208,0.6289
McMurry University,21,982,34650,16865,27000,9500,57874.34,44039,0.5924
McNeese State University,22,1030,14823,12806,21750,9500,47180.78,33535,0.6151
MCPHS University,24,1094,43966,25000,25000,9500,75646.39,61624,0.8921
Medaille College,0,865,30598,17363,25000,11500,59348.87,50094,0.5429
Mercer University,26,1171,46382,21500,26000,13000,65979.68,48287.5,0.69
Mercy College,0,0,26740,14750,22628.5,11073,37305.82,28188,0.5724
Mercyhurst University,24,1064,42367,16000,25000,11000,76674.92,66871,0.7536
Meredith College,23,1040,39296,20500,27000,9500,75153.97,56959.5,0.6232
Merrimack College,0,0,46532,20000,27000,5500,115893.15,108518,0.786
Messiah College,26,1154,41341,23000,26856,9181,99220.26,91486,0.659
Methodist University,21,961,45011,11200,0,11200,63251.18,45688.5,0.6122
Metropolitan State University,0,0,18170,15250,18750,13592.5,45224.91,34503,1
Metropolitan State University of Denver,21,973,14034,13450.5,25000,9997,46429.22,32755,0.7116
Miami University-Oxford,28,1240,30858,16766.5,25000,9500,94869.73,81424.5,0.6676
Michigan Jewish Institute,0,0,15022,0,0,0,29057.67,27033,0.981
Michigan State University,26,1158,23740,22734,25714,15442,87289.4,78152,0.6865
Michigan Technological University,27,1206,24724,21812,27000,11000,82033.18,76868.5,0.7659
MidAmerica Nazarene University,20,950,32388,15000,17433,12500,70290.04,60929,0.7223
Middle Georgia State College,0,0,13472,8000,11204.5,7000,0,0,0.4486
Middle Tennessee State University,22,1011,17501,15000,22170.5,10250,57627.86,42980,0.6996
Middlebury College,32,1391,59200,17777.5,19500,10245.5,86276.38,60997.5,0.1716
Midland University,21,970,36214,11500,24250,8000,68281.17,64320,0.6832
Midway College,22,1032,33132,16750,22845,10500,49200.78,37808,0.5381
Midwestern State University,21,993,15704,14950,23000,9500,54598.69,42383.5,0.7178
Millersville University of Pennsylvania,22,1014,21756,18500,25000,12000,79131.92,73644,0.7186
Millikin University,24,1087,39576,22000,27000,11750,76988.11,68264.5,0.5512
Milwaukee School of Engineering,28,1244,43747,25893,27000,10500,82875.91,77754,0.6839
Minnesota State University-Mankato,22,1030,17578,15116,23029,10490,76286.68,71852,0.6555
Minnesota State University-Moorhead,23,1049,18028,15772,23055.5,10000,68582.76,64384,0.8911
Minot State University,22,1004,14549,12878.5,22000,8845,51835.46,43540,0.5662
Misericordia University,23,1057,38504,22212.5,27000,10513.5,70680.66,66143,0.6489
Mississippi College,24,1098,25976,16625,26250,9564,54620.08,37912,0.673
Mississippi State University,24,1106,20796,15500,23250,10453,57616.67,41243.5,0.6482
Mississippi University for Women,21,995,15935,14000,16473,12500,38199.88,26756,0.4349
Mississippi Valley State University,17,825,17758,20969,29038,20750,21921.99,17447,0.2272
Missouri Baptist University,22,1001,30542,15807,22000,12252,60271.01,50739.5,0.6095
Missouri Southern State University,21,990,14143,11500,21500,8250,43502.53,32426,0.9728
Missouri State University-Springfield,24,1090,19117,15000,22375,10250,69002.88,57869.5,0.851
Missouri University of Science and Technology,28,1263,22102,18843,25000,11168.5,76783.85,71244,0.8215
Missouri Valley College,20,920,28754,10500,26800,8017.5,57807.29,49223.5,0.2218
Molloy College,23,1054,36702,25000,27000,14750,71465.93,58419,0.7267
Monmouth College,23,1049,40578,22000,27000,10000,81617.83,76102,0.6431
Monmouth University,24,1063,42307,22500,26749,8750,101531.99,91415.5,0.7791
Montana State University,24,1115,18486,14465,24801,11500,63595.51,49742,0.8449
Montana State University-Northern,20,925,17290,10500,18022.5,7689,41110.94,30602,1
Montana Tech of the University of Montana,24,1115,16434,11117,19495.5,9225,46815.34,33463,0.8891
Montclair State University,0,970,22773,19000,23875,10500,69758.99,53696,0.6532
Moody Bible Institute,0,0,25537,0,0,0,0,0,0.6855
Moravian College,0,0,45863,24250,27000,10700,99877.25,88320,0.7995
Morehead State University,22,1028,17805,14250,24093,9500,43820.8,32312,0.8449
Morehouse College,21,990,45451,25999.5,27000,22375,68960.56,53238.5,0.6684
Morgan State University,18,893,20108,22907,31000,16000,51957.78,40263.5,0.5757
Morningside College,23,1050,36280,19932,27000,10375,68803.77,64251,0.5337
Mount Holyoke College,0,0,55496,20000,21000,10875,89314.58,73414.5,0.4681
Mount Ida College,18,880,41565,19000,27000,9500,74459.36,61177,0.6065
Mount Mercy University,22,1010,37183,19500,24199,12000,71565.62,65962.5,0.6845
Mount Olive College,19,915,26161,18845,26500,11083,49273.48,38102,0.4979
Mount Saint Mary College,22,1006,38808,20910,25000,11750,78289.24,69110,0.86
Mount St Mary's College,19,928,47905,21500,25000,12667,54413.5,39973.5,0.7409
Mount St Mary's University,20,1060,45896,19500,27000,10250,107762.06,98879,0.6741
Mount Vernon Nazarene University,23,1071,33321,21875,26493,16250,69623.18,64078,0.6349
Muhlenberg College,28,1246,53637,24187,26941,10200,125281.36,110473,0.4616
Murray State University,22,1029,16397,14875,21583,10307,56815.45,46054.5,0.8217
Muskingum University,21,983,33630,18751,27000,10250,74459.31,70305,0.7596
National Louis University,0,0,30180,16378,19500,14929.5,45871.25,33876.5,0.9881
Nazareth College,0,0,41298,22125,26497.5,8750,82407.74,76650,0.6839
Nebraska Wesleyan University,24,1109,36429,19500,27000,11202.5,79498.08,74606,0.7689
Neumann University,18,861,37314,20000,27000,9500,79974.68,72393.5,0.5531
Nevada State College,0,0,16547,11819.5,24756,10391,61238.62,45534,0.5037
New England College,0,0,46261,9746,27000,8540,81948.75,72232.5,0.8997
New Jersey City University,0,917,19058,13250.5,18000,10750,41680.76,30520,0.4129
New Jersey Institute of Technology,26,1142,26700,16145,21182.5,11000,60206.72,43773,0.6547
New Mexico Institute of Mining and Technology,26,1200,17600,9283,16083,7500,60441.2,42214,0.4136
New Mexico State University-Main Campus,21,982,17290,11147,19500,8500,38201.24,26390.5,0.852
New York Institute of Technology,22,1039,39014,17250,25485,11283,56926.77,40609.5,0.7407
New York University,30,1352,60059,21500,23250,15775,99964.68,74827,0.2605
Newberry College,20,938,37837,21492,27000,11000,66769.16,53768,0.5908
Newman University,24,1079,33524,16945,21625,11000,57296.43,43838,0.4472
Niagara University,23,1038,38829,21000,25650,12500,81807.37,77507.5,0.6633
Nicholls State University,22,1030,16071,11555,21888.5,9193,45301.91,32069.5,0.8694
Nichols College,21,940,44886,15782.5,27000,8750,87096.01,81300.5,0.8047
Norfolk State University,18,879,18837,21500,31000,15750,46384.91,36184,0.6499
North Carolina A & T State University,19,902,15313,19843,23005.5,19500,50618.06,37668.5,0.6964
North Carolina Central University,18,859,17873,21670,30203,14814.5,40378.24,29880,0.5033
North Carolina State University at Raleigh,28,1229,20511,17750,20500,12000,76057.18,66351,0.5001
North Carolina Wesleyan College,18,863,36686,13514,22920,9500,51983.81,38164.5,0.4676
North Central College,25,1125,41218,20000,25002,8333,88589.6,83750,0.6365
North Central University,23,1044,28800,19500,27000,9500,67616.56,60825,0.9521
North Dakota State University-Main Campus,24,1091,18277,17000,25050,8250,76035.12,71695,0.841
North Greenville University,25,1137,28373,12000,20200,9500,59609.92,53275,0.5791
North Park University,22,1030,31065,18750,25500,10500,73119.69,60232.5,0.5234
Northeastern Illinois University,19,890,22273,11643.5,15000,8940,35049.57,25711.5,0.5981
Northeastern State University,21,970,13296,12500,18471,9500,38778.6,28559,0.7337
Northeastern University,32,1394,55914,25759.5,28804.5,24500,99407.61,83394,0.3231
Northern Arizona University,23,1050,22771,15000,21450,9500,61101.19,43127,0.9137
Northern Illinois University,22,1010,27621,16500,23500,9500,72317.38,64181,0.5613
Northern Kentucky University,22,1024,14603,15000,24458.5,9500,62838.79,53630,0.467
Northern Michigan University,22,1030,18466,14601,22319,8250,65244.05,57707,0.7313
Northern State University,22,1030,17334,12821,25654.5,8660,55427.29,48591.5,0.9334
Northwest Missouri State University,23,1050,17005,14815,24490,9255,68150.03,62365.5,0.7241
Northwest Nazarene University,25,1079,34498,19500,26050,14800,71208.46,60526,0.617
Northwest University,24,1079,34608,14000,24000,9375,66831.58,56863,0.972
Northwestern College,24,1095,37884,20500,25250,10500,80605.26,68899,0.7609
Northwestern Oklahoma State University,20,930,13065,7500,15000,5500,42897.39,33698,0.598
Northwestern State University of Louisiana,22,1007,16605,14000,23500,10586,40802.33,27444.5,0.84
Northwestern University,33,1458,60729,18234,19200,12497.5,93582.8,71885.5,0.1532
Northwood University-Michigan,22,1029,32803,18750,23474.5,13988.5,63920.59,49456,0.6538
Norwich University,24,1065,47341,23000,27000,12000,88756.18,84597,0.6349
Notre Dame College,20,943,36250,12750,27000,10500,59620.25,47506,0.9024
Notre Dame de Namur University,20,972,47115,18750,27000,15750,72776,55277,0.872
Notre Dame of Maryland University,22,1036,41871,21732.5,27500,13889.5,69516.08,56669,0.4964
Nova Southeastern University,24,1084,40783,19482,26500,13550,45894.94,31833,0.5746
Nyack College,20,915,34586,15750,27000,12500,55832,44111,0.9671
Oakland University,23,1070,19198,18250,25000,12270,68721.79,56986,0.66
Oakwood University,20,924,34705,22000,30500,18500,54196.14,42094.5,0.3435
Oberlin College,30,1354,59683,23250,25217,12375,112508.35,97279,0.3041
Occidental College,29,1303,60655,20900,21500,12000,86871.68,67714.5,0.4239
Oglethorpe University,25,1131,43689,18459,27000,11000,62554.51,46214.5,0.5576
Ohio Christian University,20,939,33077,10035,27000,9420,44145.21,35443,0.9711
Ohio Dominican University,22,1028,40370,21081.5,29754.5,10500,62680.61,49137.5,0.494
Ohio Northern University,26,1153,49618,25000,27000,9210,95686.34,89742,0.6785
Ohio State University-Main Campus,29,1289,24524,17000,22250,9500,75442.68,65600.5,0.5553
Ohio University-Main Campus,24,1104,23605,14457,22500,9500,73621.04,62815,0.7295
Ohio Wesleyan University,25,1123,52819,22192,27000,9500,101638.12,87265,0.7533
Oklahoma Baptist University,24,1098,31759,12000,24896,7208,67085.53,58859,0.5646
Oklahoma Christian University,25,1124,29359,15331,25250,11000,78247.94,70327,0.6321
Oklahoma City University,26,1163,41431,19749,24168,13500,66323.91,52723,0.7198
Oklahoma Panhandle State University,19,890,15439,9375,18154,5875,42766.16,33556,0.4767
Oklahoma State University-Main Campus,25,1138,21338,14750.5,20500,9500,67548.85,52462,0.7602
Oklahoma Wesleyan University,21,981,32241,16664,23166,8332,61956.88,53772,0.4934
Old Dominion University,21,1016,20531,18000,23867,14250,60966.47,48850,0.7679
Olivet College,20,927,31515,19000,27000,9500,64499.03,57515,0.5148
Olivet Nazarene University,24,1105,39125,19802,25250,10500,76119.58,68140,0.8196
Oral Roberts University,23,1037,35070,22500,27000,17016,66075.88,53889,0.4354
Oregon Institute of Technology,23,1025,18801,18333.5,26067,12000,49667.8,38541,0.7135
Oregon State University,24,1102,22974,16846,23166,11386,66705.26,54955,0.7894
Otis College of Art and Design,22,1002,52397,26500,27000,14000,61484.47,36748,0.4628
Otterbein University,24,1087,41646,22000,27000,10477.5,82698.54,75737,0.7374
Ouachita Baptist University,24,1090,31473,15000,23500,9375,82198.04,71658,0.7011
Our Lady of the Lake University,18,882,33227,17500,25250,9500,40781.84,31566.5,0.6561
Pace University-New York,23,1043,50625,19500,25000,11500,67532.89,50322,0.7683
Pacific Lutheran University,25,1112,45299,22695,27000,10250,76518.77,67839.5,0.7676
Pacific Union College,22,1017,38800,20832,28334,14484,79730.12,64885,0.5055
Pacific University,24,1102,47922,20758.5,25750,10875,73104.75,66418,0.8619
Palm Beach Atlantic University,23,1061,37535,16297,25000,9500,75648.61,57521,0.8412
Park University,0,0,21351,13500,21126,10245,42976.53,34549,0.9638
Pennsylvania State University-Main Campus,27,1199,31625,21500,27000,11500,81964.64,70439.5,0.542
Pennsylvania State University-Penn State Abington,21,942,19611,21500,27000,11500,81964.64,70439.5,0.7774
Pennsylvania State University-Penn State Altoona,21,990,27591,21500,27000,11500,81964.64,70439.5,0.8519
Pennsylvania State University-Penn State Berks,22,988,25931,21500,27000,11500,81964.64,70439.5,0.8307
Pennsylvania State University-Penn State Brandywine,20,968,19297,21500,27000,11500,81964.64,70439.5,0.7905
Pennsylvania State University-Penn State Erie-Behrend College,22,1052,27759,21500,27000,11500,81964.64,70439.5,0.8408
Pennsylvania State University-Penn State Harrisburg,23,1027,26651,21500,27000,11500,81964.64,70439.5,0.7994
Pennsylvania State University-Penn State Worthington Scranton,21,941,20183,21500,27000,11500,81964.64,70439.5,0.8186
Pepperdine University,0,1235,58772,25000,27000,15943,83597.93,60331,0.3734
Philadelphia University,23,1062,46451,24750,27800,8750,91766.66,81316.5,0.6408
Piedmont College,22,1001,32031,16703,23224,9810,65873.24,49580.5,0.6118
Pittsburg State University,22,1010,15211,13377.5,20250,8750,57010.56,48823,0.7898
Pitzer College,0,0,59266,14824,15088,10025,89206.81,61408,0.1451
Plymouth State University,21,965,24828,21000,27000,11800,89777.99,83925,0.7748
Point Loma Nazarene University,26,1155,43060,20500,24951,12000,95289.35,78964,0.6654
Point Park University,22,997,36726,22250,27000,12500,59212.25,46028,0.7393
Point University,20,946,27497,19500,31250,9500,66473.94,56038,0.5353
Polytechnic Institute of New York University,30,1303,50199,21500,23250,15775,52746.28,35393,0.7523
Pomona College,33,1454,57014,8561,8600,8008,96962.74,63215,0.1392
Pontifical Catholic University of Puerto Rico-Mayaguez,0,0,9351,7500,13095,5500,19995.17,14907,0.3056
Pontifical Catholic University of Puerto Rico-Ponce,0,0,11355,7500,13095,5500,19995.17,14907,0.6496
Portland State University,0,1045,19843,18832,24568.5,14166,44977.8,29525.5,0.6117
Prairie View A & M University,18,845,16782,17438,29052,12980,44974.4,34372,0.4232
Pratt Institute-Main,26,1140,54582,23241,27000,12000,75159.24,59029,0.5572
Presbyterian College,25,1121,45130,18797,25000,9500,96598.95,84599,0.66
Princeton University,33,1495,55430,7500,6810,8375,89090.02,50686,0.0741
Providence College,26,1158,56184,27000,27000,14500,120179.81,110798,0.5979
Purdue University-Calumet Campus,0,975,16727,16000,22781,11760.5,46173.26,33145,0.6063
Purdue University-Main Campus,27,1211,23109,20500,23766,12000,87549.24,77728,0.6042
Purdue University-North Central Campus,20,954,13713,12285.5,26000,8250,56178.87,47378,0.7218
Queens University of Charlotte,24,1058,40930,18812.5,25000,10695,61685.15,45248.5,0.7686
Quincy University,23,1048,36948,14000,25000,10837,69617.4,61719.5,0.8859
Quinnipiac University,25,1102,53476,21852,26000,12000,118255.77,108100,0.6722
Radford University,20,980,19987,15000,21500,8750,82072.86,73931,0.7831
Ramapo College of New Jersey,23,1096,27781,19500,22193,12825,87457.04,79102,0.5526
Randolph-Macon College,24,1082,45842,19557,27000,8750,100119.41,92252.5,0.637
Reed College,31,1371,57701,15500,16098.5,8914,90869.88,69123.5,0.4853
Regent University,22,1067,26825,18500,26806.5,12500,44878.71,35970,0.8514
Regis College,21,954,47432,24500,27000,12000,68233.94,55309,0.7243
Regis University,24,1087,43058,20501,25000,18536,68787.79,53578.5,0.6986
Reinhardt University,22,1013,30734,9500,0,9500,81710.16,67316.5,0.514
Rensselaer Polytechnic Institute,29,1366,59470,27000,27835.5,12000,102722.37,94717.5,0.412
Rhode Island College,20,930,14858,15462,22300,10566.5,61954.74,52408,0.6915
Rhode Island School of Design,28,1239,59597,25000,26024.5,17500,92334.03,75194,0.2731
Rhodes College,29,1288,50659,22991,27000,9750,126222.05,100407,0.5764
Rice University,33,1454,52242,7727,8413,6125,91944.43,71258,0.1674
Rider University,22,1038,48163,22125,27000,10199.5,92647.08,81460,0.7187
Ringling College of Art and Design,0,0,54676,27000,27000,9500,83784.47,65362.5,0.7331
Rivier University,19,932,39525,21000,27000,12000,82144.28,77445,0.8928
Roanoke College,24,1086,48559,24000,27000,9500,101613.37,89451,0.7281
Robert Morris University,23,1041,38274,21500,27000,11937.5,74080.91,63178.5,0.8051
Robert Morris University Illinois,0,0,32074,14500,24487,10552,38626.98,27199,0.21
Roberts Wesleyan College,23,1046,38826,20432,23200,15000,64271.32,57714,0.726
Rochester Institute of Technology,28,1232,45772,24500,27000,19849.5,82498.77,72166,0.6016
Rockhurst University,26,1164,40582,14684,20162.5,9500,85877.41,73905.5,0.7543
Roger Williams University,0,0,48476,20670,27000,10460,115567.69,102439,0.8098
Rogers State University,20,950,17213,8250,19000,6500,38422.73,29974,0.5445
Rollins College,27,1199,56309,23000,27000,12000,74429.57,46391,0.5889
Roosevelt University,22,1035,43650,18144,24673,12500,56408.85,39566.5,0.7878
Rose-Hulman Institute of Technology,30,1310,55413,26000,27000,10467.5,105688.73,91307,0.5622
Rowan University,0,1120,26970,18500,21146,14000,81120.55,74007.5,0.5923
Rutgers University-Camden,0,1035,22048,19500,22250,13000,76131.15,59041,0.5859
Rutgers University-New Brunswick,0,1210,28011,19500,22250,13000,76131.15,59041,0.5951
Rutgers University-Newark,0,1059,22046,19500,22250,13000,76131.15,59041,0.5401
Sacred Heart University,0,0,50984,19500,25000,8398,108563.28,99091,0.7624
Saginaw Valley State University,21,990,17876,19000,27000,9936,61890.64,51643,0.7865
Saint Ambrose University,23,1050,38189,20500,26900,10435.5,82268.74,72155,0.9617
Saint Anselm College,25,1145,48016,27000,27000,8750,115142.41,101953,0.7365
Saint Augustine's University,15,749,31095,20250,37000,14250,39667.54,31823,0.6738
Saint Cloud State University,22,1010,17892,15348,23250,10627.5,72449.18,66431,0.8691
Saint Edward's University,24,1117,43046,21500,25000,12000,77844.45,54531.5,0.7853
Saint Francis University,23,1026,42492,26123,0,26076,79842.63,72643.5,0.7606
Saint John Fisher College,25,1095,39014,21500,25000,14000,82611.49,77096,0.6277
Saint Johns University,26,1155,46397,23150,27000,13453,110742.05,99495,0.7516
Saint Josephs College,22,998,37135,13576.5,27000,7500,79082.58,75145.5,0.6419
Saint Joseph's College of Maine,0,960,43119,15683.5,27000,5800.5,84110.28,77122,0.7778
Saint Joseph's College-New York,23,1054,25290,19500,22350,14250,75509.05,66404,0.7538
Saint Joseph's University,24,1110,52779,20500,24250,11811,123938.82,109701.5,0.7873
Saint Leo University,0,0,31609,17500,26068,13079.5,49157.22,36785,0.7662
Saint Louis University,28,1237,52413,20500,25000,11000,103272.02,87461,0.6443
Saint Martin's University,22,1057,40458,19843,25000,14500,55215.19,43484,0.876
Saint Mary's College,26,1141,45920,26814,27000,8750,119024.16,103102,0.8568
Saint Mary's College of California,25,1115,56500,21500,25000,18750,87410.41,65861,0.6947
Saint Mary's University of Minnesota,23,1068,38470,18054,23000,12000,84470.77,75332,0.7485
Saint Michael's College,26,1173,48894,25000,27000,11250,110530.31,96675.5,0.7511
Saint Norbert College,25,1125,40204,23496,0,23250,104626.75,91780.5,0.8194
Saint Peter's University,19,913,40921,17500,25000,11801,57869.74,42545,0.5408
Saint Vincent College,23,1035,41591,25000,27000,10375,87118.24,80131,0.6875
Saint Xavier University,22,1010,35284,19150,25000,11250,65314.47,53937,0.5054
Salem State University,22,986,20601,19415,25428,12000,63800.47,51386,0.6929
Salisbury University,24,1145,20916,16250,20443,8250,94182.53,87919.5,0.5494
Salve Regina University,25,1109,48219,26303.5,27000,8750,110031.28,100931,0.6706
Sam Houston State University,21,999,19173,16490,22224,10500,60978.76,47405.5,0.6499
Samford University,26,1153,38835,20000,23236,11250,92968.08,77481,0.7697
San Diego State University,24,1090,20252,14495,16460,11004.5,57515.91,37534,0.3121
San Francisco State University,22,998,22267,15000,17775,12000,46467.57,29962,0.6379
San Jose State University,22,1030,21160,14000,16251,11000,43366.3,27853.5,0.6347
Santa Clara University,29,1294,57213,19500,20500,15291,120161.97,100259,0.5122
Sarah Lawrence College,0,0,62636,13126,14812,6375,90005.24,65944,0.6166
Savannah College of Art and Design,24,1078,49179,21521.5,27000,9500,95838.42,78907,0.6547
Savannah State University,18,847,15531,17126,32887,14000,42652.55,31664,0.8299
School of the Art Institute of Chicago,23,1065,55551,19503,25000,12250,65019.84,42495.5,0.7184
Schreiner University,22,995,33631,14250,25200,9500,57428.47,39382,0.9262
Seattle Pacific University,26,1145,45125,20981.5,25000,11834,93870.01,81735,0.7214
Seattle University,27,1175,50610,24000,25334,11000,78227.76,59408,0.7323
Seton Hall University,25,1121,46869,19500,25000,11000,87326.57,69730,0.7916
Seton Hill University,23,1032,40497,22131,27000,11250,65432.14,56664,0.652
Sewanee-The University of the South,28,1248,46530,16000,19500,5500,110350.36,81758,0.6027
Shaw University,0,0,27079,15250,39748,10129,33268.01,25825,0.5449
Shenandoah University,23,1016,41369,20000,25000,9500,80643.74,71304,0.8456
Shepherd University,22,1007,14846,14000,23149,9250,67931.47,59289.5,0.8102
Shippensburg University of Pennsylvania,20,980,20840,18000,26000,8750,81056.67,75275.5,0.8341
Shorter University,21,954,30642,25250,27475,23290.5,61885.8,48847,0.6807
Siena College,25,1122,45452,23000,26974,8750,100650.73,93663,0.6805
Siena Heights University,21,990,31980,15328,18750,14107,58057.31,48925,0.6765
Simmons College,26,1149,51093,25000,26000,10750,81764.35,67781,0.4897
Simpson College,24,1105,40186,22500,27000,10985.5,77864.13,71500,0.8802
Simpson University,22,1030,33889,16666,16676,12052,58109,44207,0.555
Skidmore College,28,1247,58562,19500,20500,10991.5,103433.96,79221,0.3505
Slippery Rock University of Pennsylvania,21,1002,21303,20500,25719.5,9500,69273.37,64717,0.6698
Smith College,0,0,57913,19000,19500,8000,87888.48,68708.5,0.4308
Sonoma State University,22,1006,23675,14592,18750,11502,64411.44,46028,0.8186
South Carolina State University,18,851,25265,21750,37000,12250,37786.96,28809,0.5079
South Dakota School of Mines and Technology,26,1183,20234,14875,27100,8774,66137.5,57505.5,0.8608
South Dakota State University,23,1050,18547,15269,25000,9250,68399.37,63089,0.919
Southeast Missouri State University,23,1049,17093,14000,22459,9500,57993.21,47781,0.8546
Southeastern Louisiana University,22,1030,15729,11670,21465,8258.5,46591.28,32109.5,0.448
Southeastern Oklahoma State University,20,950,14050,9860,16443,7271,38375.95,28378,0.7992
Southeastern University,20,955,30333,14250,24250,11000,65179.01,55937,0.5932
Southern Adventist University,23,1050,29085,18554,26266,12500,70132.24,57374,0.3826
Southern Arkansas University Main Campus,21,989,17738,10500,17216.5,8250,37692.78,27662,0.6081
Southern Connecticut State University,20,921,18628,17404,24449.5,11000,73298.65,62972.5,0.7542
Southern Illinois University-Carbondale,22,1032,24234,15245,22500,10500,59660.34,47485,0.7887
Southern Illinois University-Edwardsville,23,1050,21137,14317,22500,9500,64774.34,56221,0.8419
Southern Methodist University,29,1302,57947,19000,22500,11000,95228.81,63543.5,0.507
Southern New Hampshire University,0,965,39677,7688,22500,6498,70725.24,56925,0.7866
Southern Oregon University,0,1020,18285,18166,22804,15146,54285.08,40096.5,0.7304
Southern Polytechnic State University,24,1123,16546,14750,26438,10224,56655.45,44584,0.7798
Southern University and A & M College,19,890,17928,24250,32075,17250,33242.29,23636,0.359
Southern University at New Orleans,17,808,10889,18442,27269,15750,19767.87,16097,0.4888
Southern Utah University,23,1066,18042,8250,13250,5875,45460.22,30660.5,0.5709
Southern Wesleyan University,19,916,31054,23375,30575,14750,53760.74,43811,0.937
Southwest Baptist University,23,1062,28948,14250,21220,9500,55704.96,45779.5,0.9022
Southwest Minnesota State University,22,1010,19109,15750,24200,10514,62197.6,56016,0.6546
Southwestern Assemblies of God University,0,0,29652,16970,26500,9500,53136.81,40330,0.3486
Southwestern College,23,1036,36472,19192,25350,13500,61741.56,52868,0.8968
Southwestern Oklahoma State University,21,990,16660,10500,16759,8097,45688.93,35512,0.9026
Southwestern University,26,1168,46789,20644,26564.5,9500,106019.52,95160,0.5217
Spalding University,20,952,31021,19118,26980.5,12250,45742.79,33377.5,0.8108
Spelman College,22,1024,41635,25500,27000,17500,71841.55,54315,0.3802
Spring Arbor University,23,1069,32709,20729,24850,18615,62085.86,55009.5,0.6505
Spring Hill College,24,1100,43325,20500,27000,11500,78659.44,58994,0.4627
Springfield College,23,1029,44829,20500,25000,14750,66949.79,50430,0.6992
St Bonaventure University,24,1075,41265,21501,27000,12000,95765.22,85354,0.7999
St Catherine University,23,1051,43356,22697,28500,14750,66972.65,52083.5,0.6089
St Francis College,0,940,24739,15347.5,24000,9500,49748.71,34186,0.6433
St John's University-New York,24,1093,50233,20000,25920,11500,65214.94,49731,0.5316
St Lawrence University,0,0,57423,26000,27000,10461,104815.97,90213,0.4643
St Mary's College of Maryland,28,1221,29174,19130,21671.5,9500,107725.72,103581.5,0.7204
St Mary's University,23,1050,35160,20000,26685,9750,60439.11,44525.5,0.5823
St Olaf College,29,1290,50550,25000,26531,12000,118248.44,98006,0.5919
St Thomas Aquinas College,19,931,36823,15000,23200,14500,91067.71,80256,0.8224
St Thomas University,19,904,37090,16500,22747.5,13165.5,50272.73,35584,0.4567
Stanford University,33,1466,58408,11500,12224,9083,83177.59,53935.5,0.0569
State University of New York at New Paltz,25,1129,20428,17500,20500,11000,73261.15,59391,0.4359
Stephen F Austin State University,22,998,21909,16074,25000,10750,60300.43,45665,0.5687
Stetson University,26,1168,49939,18050,27000,9500,83620.71,64137,0.5925
Stevens Institute of Technology,30,1305,59479,26500,27000,25000,99419.73,87408,0.3816
Stevenson University,21,990,38785,18197.5,25000,9997.5,83267.03,77520,0.5959
Stonehill College,25,1133,50677,26000,27000,5500,123576.33,116545,0.7091
Stony Brook University,28,1253,20611,17000,20173,12000,61963.11,42408,0.3948
Suffolk University,23,1014,45280,21032,27000,9500,79950.51,64594,0.825
Sul Ross State University,18,865,17254,10250,16728,10000,34295.12,23682,0.522
SUNY at Albany,24,1102,21249,16750,21500,10205,74245.98,60558,0.5545
SUNY at Binghamton,29,1297,21966,17750,20500,11625,75078.96,57865.5,0.4287
SUNY at Fredonia,24,1056,20802,19000,24250,10250,79864.05,75269.5,0.5154
SUNY at Purchase College,24,1082,22381,19750,23250,9500,78438.02,63153,0.3319
SUNY College at Brockport,24,1069,19511,17750,21500,17304,68780.73,62559,0.4774
SUNY College at Cortland,23,1058,21840,18750,21654,10500.5,82229.52,77274.5,0.4683
SUNY College at Geneseo,28,1274,21004,18500,20500,13200,89014.11,84076,0.4566
SUNY College at Old Westbury,21,998,15888,13821,17000,12469,44887.77,34319,0.5804
SUNY College at Oswego,24,1110,21222,18750,23000,10900,70031.26,63043,0.4863
SUNY College at Plattsburgh,22,1026,20371,18750,22475.5,15500,74172.36,65821,0.4564
SUNY College at Potsdam,0,0,19829,19500,26000,10277,67792.03,61089,0.6837
SUNY College of Environmental Science and Forestry,25,1155,22550,17124,20000,11500,76789.5,67355,0.5052
SUNY Empire State College,0,0,19755,16244.5,25000,14250,41035.38,32531.5,0.8053
SUNY Institute of Technology at Utica-Rome,24,1053,19843,13193.5,18000,8613.5,53549.49,40836.5,0.4754
SUNY Maritime College,23,1056,21493,21980,27000,12500,83846.41,79477.5,0.6396
SUNY Oneonta,24,1097,20762,20500,22870.5,11667,79989.41,72432,0.5073
Susquehanna University,25,1129,49025,21000,25000,6225,101249.96,89238,0.7233
Swarthmore College,33,1442,58481,17718.5,19000,10051,104516.71,89473,0.1432
Syracuse University,26,1158,55600,27000,27000,16750,98994.29,80005.5,0.4949
Tarleton State University,21,984,17709,13118,21500,11000,54294.39,42847,0.5682
Taylor University,28,1214,38845,20500,24712.5,11875,82840.55,71404,0.876
Temple University,25,1121,27247,21700,25799,13751,70311.21,56155,0.6387
Tennessee Technological University,23,1071,19900,11000,15625,7000,58081.46,45109,0.9316
Tennessee Wesleyan College,22,1006,28119,14500,21000,8750,57290.57,45726.5,0.713
Texas A & M International University,18,892,15272,11250,14671.5,8250,31619.88,23615.5,0.4785
Texas A & M University-College Station,26,1182,20819,16566.5,19253,9000,83346.84,71288,0.6947
Texas A & M University-Commerce,21,987,18487,15000,21228,11015,42985.83,32165,0.6818
Texas A & M University-Corpus Christi,20,960,17782,13500,22750,9500,51268.6,36327,0.9258
Texas A & M University-Kingsville,19,895,19721,14695,20899,9966,38697.62,26861.5,0.881
Texas Christian University,27,1206,48189,19500,22500,9500,103263.14,81852.5,0.4739
Texas Lutheran University,23,1041,35480,17750,27305,9750,81310.81,68816.5,0.5087
Texas Southern University,17,832,22311,17311.5,33763,14250,31016.12,22626,0.4503
Texas State University,23,1045,19721,15750,21714.5,9660,63447.41,48876,0.7508
Texas Tech University,25,1116,20900,17750,23246.5,10763,82825.99,69477,0.663
Texas Wesleyan University,21,997,30696,19500,26000,13000,50520,36026,0.2992
Texas Woman's University,20,953,16345,14385,20923,10191,50453.77,36226,0.8603
The College of Idaho,24,1070,34555,20000,26312.5,10845.5,82263.55,65590,0.905
The College of New Jersey,0,1235,28943,21500,23196,12250,103967.08,96654.5,0.4311
The College of New Rochelle,24,986,43273,16000,21525,11490,25320.42,18962,0.5695
The College of Saint Rose,0,0,40267,19808.5,25000,11250,82821.55,78174,0.7751
The College of Saint Scholastica,24,1085,40685,19310.5,23000,12500,71064.65,63879,0.7265
The College of Wooster,28,1231,51300,20490,25500,8473,99900.84,88881.5,0.5633
The Evergreen State College,24,1081,21433,14830,17594,11834,46014.99,26490,0.9709
The Master's College and Seminary,25,1104,40815,15750,20500,12708,77302.02,62514,0.6137
The New School,25,1131,57203,20500,25494.5,11750,73764.91,48618,0.6659
The Richard Stockton College of New Jersey,22,1068,26086,18750,21500,12500,74404.92,64554.5,0.6211
The Sage Colleges,0,0,40437,17750,22408.5,10750,61574.98,51423,0.5664
The University of Alabama,26,1171,26717,17750,24000,11000,74131.14,58976,0.5655
The University of Findlay,24,1083,38941,18770,23250,9500,75626.94,71474,0.6832
The University of Montana,24,1090,17440,15259.5,24776.5,11326.5,53798.72,36634,0.9423
The University of Tampa,24,1075,37714,17550.5,25975,8580,81805.23,66421,0.5221
The University of Tennessee-Chattanooga,23,1069,19192,11420.5,20500,7112.5,56874.59,43600,0.7757
The University of Tennessee-Knoxville,27,1199,24746,15250,20338.5,9613.5,72817.34,55229,0.7249
The University of Tennessee-Martin,23,1050,16227,15134.5,23750,9500,52149.54,41497,0.7668
The University of Texas at Arlington,23,1077,21420,12834,19608,9738,51136.11,36358,0.5998
The University of Texas at Austin,28,1262,25176,20500,22165,14000,79614.32,62086,0.4019
The University of Texas at Dallas,28,1262,22381,15080.5,19500,10250,54836.23,39445.5,0.5857
The University of Texas at El Paso,20,923,15272,12500,18250,10750,31959.81,22907,0.9981
The University of Texas at San Antonio,23,1050,18936,16490,23723,10749,53600.77,38470,0.7327
The University of Texas at Tyler,23,1064,19366,13000,18486,9225,48054.63,34405,0.8203
The University of Texas of the Permian Basin,21,1008,14292,9015.5,13750,7201.5,40708.66,29706,0.8401
The University of Texas-Pan American,20,937,11601,9621,12993.5,7250,29912.15,21957,0.6217
The University of the Arts,22,1010,52401,25394,27000,11500,93270.02,81397,0.7539
The University of Virginia's College at Wise,20,949,18365,12611,20700,8891,56884.88,48359.5,0.7449
The University of West Florida,24,1062,18158,12500,18334,11000,47671.85,34467,0.4808
Thiel College,21,967,39573,20500,28000,10900,65321.99,57911,0.655
Thomas More College,23,1033,36843,19500,27000,11500,71968.41,66017.5,0.8775
Tiffin University,21,969,34771,12033,26564.5,10465,64758.72,56315,0.3856
Touro College,0,0,23347,12000,12500,11000,25826.64,16612,0.5866
Towson University,23,1078,21596,15750,19000,9250,82801.58,71279.5,0.6034
Transylvania University,27,1213,41374,25000,27000,8000,96629.61,82262,0.9615
Trevecca Nazarene University,23,1049,30820,16250,18750,16087.5,65129.33,58888,0.772
Trine University,24,1095,40679,16950,26063,8750,64548.72,59270,0.7157
Trinity Christian College,23,1053,33611,21411,25333,16664,78627.29,70413,0.9022
Trinity College,27,1240,59865,19275,21500,8000,117428.63,87726,0.3178
Trinity University,29,1270,46274,18500,21630,9500,112397.83,101012.5,0.6393
Trinity Washington University,0,0,30144,16375,30375,10665,44160.42,35959,0.5231
Troy University,21,990,16877,17750,26000,15000,38308.15,27401,0.6821
Truman State University,28,1243,19689,17500,21894,9545.5,86263.68,80910,0.7219
Tufts University,32,1428,58752,17300,18125,12250,86991.55,64738,0.1884
Tulane University of Louisiana,31,1341,58904,20001,27000,10500,78916.25,45863.5,0.2643
Tusculum College,21,961,32783,20070,27911,9687.5,50490.79,41744.5,0.7225
Tuskegee University,20,937,32853,23687.5,33250,14750,51894.99,39069,0.3511
Union College,30,1313,58023,24334,26277.5,7667,113355.39,98739.5,0.3728
Union University,26,1174,40415,20750,23438,12000,65098.48,53200.5,0.7412
Universidad Adventista de las Antillas,0,0,13059,7075,15000,3250,20654.97,17122.5,0.8694
Universidad del Sagrado Corazon,0,0,11651,10500,16750,7000,23160.66,17577,0.3186
Universidad Politecnica de Puerto Rico,0,0,19369,11000,16648,9166,26910.07,21569,0.8889
University at Buffalo,26,1158,20885,15200,20100,9250,68669.08,56636,0.5652
University of Akron Main Campus,22,1016,21338,15000,26812,10261.5,53437.74,42489,0.9649
University of Alabama at Birmingham,25,1146,19990,16250,23117,11886,49894.65,34909,0.8673
University of Alabama in Huntsville,26,1180,20306,16500,24738,10500,54155.4,39766,0.8062
University of Arizona,24,1106,23905,13500,19000,9279,68621.67,46758,0.7692
University of Arkansas,26,1156,19917,14990,21524,9887,68151.74,52612,0.5858
University of Arkansas at Little Rock,24,1077,19894,14250,23000,10500,37463.78,26332.5,0.5274
University of Arkansas at Pine Bluff,18,842,15414,13698.5,27954.5,9500,30961.41,23857,0.277
University of Arkansas-Fort Smith,22,1028,14335,8240,17432,5500,34268.8,25892,0.5736
University of Baltimore,0,940,24835,16000,20500,12500,41904.98,31331,0.7295
University of Bridgeport,20,923,45640,17500,28250,10500,48341.16,36730,0.6385
University of California-Berkeley,30,1350,32715,14480,14667,14147,60121.12,39266,0.18
University of California-Davis,26,1192,31803,13626.5,15000,11461,59783.54,41894,0.4521
University of California-Irvine,24,1122,28980,15500,17414,10788.5,67260.78,50385,0.4239
University of California-Los Angeles,28,1289,31474,15200,15900,13244.5,54271.79,34557.5,0.2199
University of California-Merced,21,1010,30637,14500,19559,8000,59783.54,41894,0.7551
University of California-Riverside,23,1078,29787,17000,19500,10379,57708.66,43078.5,0.62
University of California-San Diego,28,1276,29751,18463,19266,15116,58621.21,41248,0.375
University of California-Santa Barbara,27,1212,31913,15000,18057,12625,70987.15,51240,0.4444
University of California-Santa Cruz,23,1087,33208,16500,19737.5,11000,73778.36,58508,0.5991
University of Central Arkansas,23,1070,17899,11864,21617,8912,53694.68,39480,0.8997
University of Central Florida,26,1175,19815,15000,18500,9750,54803.88,38367.5,0.4894
University of Central Missouri,21,990,18355,15296,23450,9500,64575.93,56271,0.8083
University of Central Oklahoma,22,1030,16684,12500,22250,9001,49363.75,36756.5,0.8398
University of Charleston,22,991,32147,10250,19375,6250,64873.01,56456,0.6905
University of Chicago,34,1504,62425,17610,18625,15133.5,75760.31,53224,0.0881
University of Cincinnati-Main Campus,25,1141,25799,15000,23947.5,9500,64379.94,50863,0.7325
University of Colorado Boulder,27,1192,27854,15000,19500,9500,96924.8,73526,0.8771
University of Colorado Colorado Springs,23,1068,16707,12500,21000,8250,61852.58,48420,0.91
University of Colorado Denver,23,1073,18822,16750,22995,11368,51853.53,36176,0.7587
University of Connecticut,28,1233,25786,18983,21500,11600,94914.09,86510,0.5366
University of Connecticut-Stamford,21,1017,13028,18983,21500,11600,94914.09,86510,0.4107
University of Connecticut-Tri-Campus,22,1015,13099,18983,21500,11600,94914.09,86510,0.4207
University of Dallas,27,1216,47437,17625,25640.5,8750,102838.39,86001,0.9011
University of Dayton,27,1181,46250,23250,26863,11384,122480.57,108917.5,0.5297
University of Delaware,27,1178,21748,21000,24126.5,9458.5,111960.94,102027,0.6468
University of Denver,28,1231,53614,20832,24500,11753,86015.75,55997.5,0.7673
University of Detroit Mercy,25,1142,48027,19300,25000,12673,58134.97,44772,0.6147
University of Dubuque,20,926,34206,17114,26946,10500,64765.21,57825,0.7742
University of Evansville,26,1147,42674,23638,26000,10250,80378.71,73591.5,0.8409
University of Florida,29,1272,20456,14546,15132.5,10250,64142.77,45776.5,0.4655
University of Georgia,28,1247,21162,16831,18700,14500,84425.2,69003,0.5608
University of Great Falls,0,0,31310,13554,25000,9750,44289.66,31885,0.7272
University of Hartford,23,1053,47368,19944,27000,9500,95513.07,85192,0.6173
University of Hawaii at Hilo,21,967,15284,11293,19264,8028.5,46268.64,29592,0.752
University of Hawaii at Manoa,24,1087,18491,13750,19509,8250,54876.85,39485,0.8009
University of Hawaii-West Oahu,19,891,9874,8045,12500,5500,28664.54,21363,0.7643
University of Houston,25,1136,22215,14878,20426,10000,48647.14,33211,0.5841
University of Houston-Downtown,19,894,18879,13000,21000,11461,32529.26,24928.5,0.9509
University of Idaho,23,1070,19700,18550,25000,12100,64677.72,51484,0.6565
University of Illinois at Chicago,24,1092,25248,14750,18532.5,8750,55560.29,41721,0.714
University of Illinois at Springfield,24,1085,21385,15000,19498,11129,54554.28,42542.5,0.5977
University of Illinois at Urbana-Champaign,29,1303,28564,19399,20950,11566,93333.2,85462,0.6239
University of Indianapolis,22,1018,36158,19200,27450,10321.5,68430.95,58141,0.8443
University of Iowa,27,1208,21832,18692.5,22500,12000,83051.2,74267,0.8023
University of Kansas,25,1145,21971,14799,20114,9427,85281.02,72937,0.9228
University of Kentucky,25,1140,22420,14000,20500,9250,71446.07,57564,0.6861
University of La Verne,23,1035,45305,22218,25000,20832,54488.73,39519,0.3895
University of Louisiana at Lafayette,23,1070,15342,13000,20898,9500,50339.7,35091,0.593
University of Louisiana at Monroe,23,1050,14925,12708,21207,10951,43678.01,28606,0.7724
University of Louisville,25,1142,21922,13300,21500,9250,58745.22,45597.5,0.7112
University of Maine,24,1085,22461,19200.5,27000,11000,68984.85,60423,0.8106
University of Maine at Farmington,0,0,20415,21250,27000,9500,64481.77,58522,0.837
University of Mary,23,1046,22936,16435,23152,11961.5,65229.89,59522,0.8307
University of Mary Hardin-Baylor,24,1069,35000,16500,26784,9500,68845.18,57382,0.8468
University of Mary Washington,24,1110,21862,16672,22150,8750,100623.97,94155.5,0.8096
University of Maryland Eastern Shore,18,871,20587,18071,27500,11763,51710.12,40227,0.5502
University of Maryland-Baltimore County,27,1209,22024,17500,21500,11750,73930.94,59891,0.6315
University of Maryland-College Park,0,1310,22933,17500,19500,14000,91124.17,75194,0.4699
University of Massachusetts-Amherst,27,1209,25665,21500,24250,12250,85910.2,75270.5,0.6294
University of Massachusetts-Boston,0,1015,19763,16362,0,16357,47234.62,33287,0.7141
University of Massachusetts-Dartmouth,23,1061,23763,19500,25921,14100,77381.8,69531.5,0.7213
University of Massachusetts-Lowell,25,1132,22861,19500,25000,12000,70116.7,61757,0.6397
University of Memphis,22,1031,20899,18938,26393.5,13774.5,45004.14,29727,0.6841
University of Miami,30,1332,57700,18750,21250,12250,86177.73,59417,0.4044
University of Michigan-Ann Arbor,30,1352,25760,21000,22000,15000,87306.5,69630,0.3326
University of Michigan-Dearborn,25,1125,15831,18750,25000,11509,53031.88,38952,0.6284
University of Michigan-Flint,21,993,16731,21176,28376.5,13848,53715.44,38562,0.7809
University of Minnesota-Crookston,22,1004,21549,14370,20000,9500,59974.63,56026,0.6916
University of Minnesota-Duluth,24,1109,22796,18925,25000,10250,87902.82,83294.5,0.7822
University of Minnesota-Morris,26,1168,22853,14768,20000,9313,76388.28,71476,0.5764
University of Minnesota-Twin Cities,28,1270,24278,18822,21500,12750,80969.01,72908.5,0.4442
University of Mississippi,24,1100,21526,15750,21500,11785,68842.41,46826.5,0.5936
University of Missouri-Columbia,26,1165,22387,17500,22500,10500,89631.5,80508.5,0.7861
University of Missouri-Kansas City,24,1105,23437,15750,21187,11000,57316.66,40642,0.33
University of Missouri-St Louis,24,1090,22474,18223,22000,14000,54750.66,37821,0.7419
University of Mobile,23,1058,30108,22500,27000,15750,51471.07,37643,0.7125
University of Montevallo,23,1070,20209,15872,23400,12400,58419.08,48019,0.8729
University of Mount Union,23,1050,37502,23557.5,27000,9772.5,78986.18,74701.5,0.712
University of Nebraska at Kearney,23,1049,19212,13496.5,21697,9500,62130.67,55165.5,0.8486
University of Nebraska at Omaha,23,1070,16860,13631,21000,9200,67569.73,57671,0.7078
University of Nebraska-Lincoln,25,1147,21024,15799,22500,9002,81338.55,72140.5,0.6404
University of Nevada-Las Vegas,22,1003,17478,12608,19491,10342,51263.5,36398.5,0.8512
University of Nevada-Reno,24,1081,21398,12000,18743.5,8120,61238.62,45534,0.8396
University of New England,24,1057,47931,20955,27000,18000,80354.33,74608,0.8584
University of New Hampshire-Main Campus,0,1100,29520,23128.5,27000,11000,96733.64,88997,0.7784
University of New Haven,23,1034,48280,20500,27000,10500,86441.39,78636,0.7441
University of New Mexico-Main Campus,22,1038,16822,14164.5,20500,11432,39057.95,26437,0.6458
University of New Orleans,23,1072,16212,11750,17821,8500,40387.97,27630.5,0.5036
University of North Alabama,22,1028,15058,12542,21750,8735,52611.8,40030,0.8092
University of North Carolina at Asheville,26,1190,17468,15772.5,20508,7629,60962.62,48654,0.6403
University of North Carolina at Chapel Hill,30,1313,23069,15000,15906,11666.5,80815.19,64969.5,0.2759
University of North Carolina at Charlotte,23,1066,17767,16500,23005,10166.5,64318,51983,0.6852
University of North Carolina at Greensboro,23,1029,17362,16000,22500,9500,62041.39,50195,0.6002
University of North Carolina at Pembroke,20,926,15784,13260,21000,12177,48406.89,36289.5,0.7204
University of North Carolina Wilmington,24,1154,18165,16500,20624,9761.5,75837.12,63608.5,0.5419
University of North Dakota,24,1090,20538,16728,24500,10000,78359.31,72841.5,0.737
University of North Florida,25,1143,19415,14000,17479,9882,55334.71,41844.5,0.5343
University of North Georgia,21,1009,16525,7500,16473,5500,0,0,0.6102
University of North Texas,24,1100,18593,14955,20750,9835.5,64825.21,49512,0.5969
University of Northern Colorado,22,1029,19105,14250,22461,8250,77019.2,69484,0.6957
University of Northern Iowa,22,1030,19233,18500,22148,12000,74741.68,70699,0.8331
University of Northwestern-St Paul,25,1126,37803,18636.5,22430,12500,73387.27,65093,0.6915
University of Notre Dame,33,1450,57805,20300,21000,14257,123618.48,106005,0.223
University of Oklahoma-Norman Campus,26,1176,23263,15750,20000,12000,66684.98,49891,0.8044
University of Oregon,25,1108,22390,18309,21535,10333,71151.8,54318,0.7417
University of Pennsylvania,32,1442,59600,19500,21500,12500,87200.75,62169,0.1224
University of Pikeville,19,909,31005,9500,19500,5750,35649.53,24191,1
University of Pittsburgh-Bradford,21,973,23732,22000,26896.5,10596,79347.41,71893,0.8532
University of Pittsburgh-Greensburg,22,1017,23343,22000,26896.5,10596,79347.41,71893,0.9311
University of Pittsburgh-Johnstown,22,1021,23709,22000,26896.5,10596,79347.41,71893,0.9038
University of Pittsburgh-Pittsburgh Campus,28,1258,30410,22000,26896.5,10596,79347.41,71893,0.5613
University of Portland,0,1195,51036,22454,25000,10000,98696.67,86897,0.668
University of Puerto Rico-Aguadilla,0,1038,8055,5000,5500,4500,25464.65,22433.5,0.9234
University of Puerto Rico-Arecibo,0,0,11056,4500,4600,4500,25464.65,22433.5,0.5302
University of Puerto Rico-Bayamon,0,0,8509,4500,5500,4500,25464.65,22433.5,0.2547
University of Puerto Rico-Carolina,0,1029,11945,4500,4957.5,4500,25464.65,22433.5,0.8065
University of Puerto Rico-Cayey,0,1094,11428,4500,5000,4000,25464.65,22433.5,0.8342
University of Puerto Rico-Humacao,0,0,11686,4500,5000,3800,25464.65,22433.5,0.4487
University of Puerto Rico-Mayaguez,0,0,14726,5500,5500,5500,25464.65,22433.5,0.725
University of Puerto Rico-Ponce,0,0,13018,5250,5500,4500,25464.65,22433.5,0.6398
University of Puerto Rico-Rio Piedras,0,1195,8020,5500,5500,5197,25464.65,22433.5,0.5248
University of Puget Sound,28,1233,53785,20789,23500,10288,100805.53,84173.5,0.8522
University of Redlands,25,1135,55268,24000,27000,18381,83774.07,69769,0.672
University of Rhode Island,24,1076,26262,19500,23250,9500,88579.08,78122.5,0.7871
University of Richmond,30,1313,55980,18370,19500,10250,109334.2,90735.5,0.3116
University of Rochester,31,1353,59156,24325.5,26000,13500,97862.81,85192,0.3568
University of Saint Francis-Fort Wayne,21,981,31516,20000,26000,9500,69162.62,63504,0.5362
University of San Diego,28,1228,56346,19500,22500,10215.5,97719.44,69873.5,0.4885
University of San Francisco,25,1161,55812,23000,25000,20300,90594.28,70581,0.6129
University of Scranton,25,1121,51962,26442,27000,12000,106711.89,93993,0.7503
University of Sioux Falls,23,1064,33909,16749,25000,8000,71708.18,62665.5,0.969
University of South Alabama,23,1064,17125,15000,25000,9500,45401.94,30958,0.8604
University of South Carolina-Aiken,21,973,18466,13750,26000,9500,54859.12,41442,0.5122
University of South Carolina-Beaufort,20,932,19354,11000,24250,9500,47466.64,34946,0.7304
University of South Carolina-Columbia,27,1200,23685,19125,22500,13500,76756.24,63282.5,0.606
University of South Carolina-Upstate,21,982,20848,15750,23250,11181,54133.16,41002.5,0.6422
University of South Dakota,24,1090,18843,15463,24000,10500,61219.52,53346,0.8788
University of South Florida-Main Campus,26,1168,19299,16954,19735,12500,52366.99,36808.5,0.4524
University of South Florida-St Petersburg,23,1070,18821,16954,19735,12500,0,0,0.4401
University of Southern California,31,1380,59787,21500,22841.5,17125,74599.85,42938,0.1984
University of Southern Indiana,22,1004,17996,13500,23275,8250,64285.39,57798,0.6934
University of Southern Maine,23,1003,22290,17000,24250,12000,60012.65,49417,0.828
University of Southern Mississippi,24,1082,18781,16600,25000,12641,44439.03,29062,0.6631
University of St Francis,23,1070,36226,21000,25000,12500,78868.51,73669,0.5141
University of St Thomas,26,1121,37271,20000,25000,11000,63775.86,42131.5,0.7724
University of St Thomas,26,1165,48421,22250,26500,11150,110915.07,96397,0.8617
University of the Cumberlands,22,1019,30993,9500,21505.5,5700,57753.77,48248,0.7127
University of the Incarnate Word,21,967,34487,19500,27000,12067,56531.31,41999,0.9307
University of the Pacific,26,1172,52406,21250,23500,18750,62103.51,40951,0.7265
University of the Sciences,25,1165,49327,27000,27000,9625,90253.37,82840.5,0.5635
University of the Virgin Islands,17,807,16261,7307.5,12150,6250,31815.36,25917,0.9782
University of Toledo,22,1031,21263,14500,24994,9500,65254.02,57163,0.9073
University of Tulsa,29,1279,46560,20500,25000,11000,79960.34,64324,0.4059
University of Utah,24,1109,19048,12839,15400,10821,47548.1,32294,0.8174
University of Vermont,27,1190,27788,18878,21893.5,9581.5,95378.54,77614,0.7755
University of Virginia-Main Campus,31,1362,25255,17746,19500,11921,100872.78,84687,0.2999
University of Washington-Bothell Campus,21,1014,22800,14793.5,16326,11400,55950.49,38703,0.7568
University of Washington-Seattle Campus,28,1234,24606,14793.5,16326,11400,55950.49,38703,0.5523
University of Washington-Tacoma Campus,20,963,22185,14793.5,16326,11400,55950.49,38703,0.8523
University of West Alabama,20,950,17959,13500,22500,10864.5,37752.64,23735,0.9957
University of West Georgia,20,950,18879,14250,23001,9500,62503.86,51454,0.5385
University of Wisconsin-Eau Claire,24,1110,18066,17823.5,23250,8750,82400.9,78332,0.7646
University of Wisconsin-Green Bay,23,1070,16878,14549,21711,10500,70428.84,67408,0.8476
University of Wisconsin-La Crosse,25,1130,17896,18428.5,23203,8855,84818.34,81510.5,0.72
University of Wisconsin-Madison,28,1268,23718,21000,23000,13000,95485.12,87726,0.6792
University of Wisconsin-Milwaukee,22,1030,21203,17459,25107.5,11000,73393.86,66757,0.8608
University of Wisconsin-Oshkosh,22,1030,16935,16852,23868,9489,72876.79,69462,0.8134
University of Wisconsin-Parkside,21,990,15218,14054,24250,9500,61183.33,51714.5,0.7547
University of Wisconsin-Platteville,23,1050,16824,15750,24000,8250,72370.8,69457,0.9647
University of Wisconsin-River Falls,22,1030,16682,18225,24700,9251,77835.08,75121,0.8663
University of Wisconsin-Stevens Point,23,1070,16427,18700,25000,8750,73219.65,69497,0.8285
University of Wisconsin-Stout,22,1030,18192,18015,24752.5,9500,80177.03,74284.5,0.8927
University of Wisconsin-Superior,22,1010,16953,14616.5,23500,10000,54689.72,45359,0.8927
University of Wisconsin-Whitewater,22,1030,16107,18681,25250,9750,76990.02,73639,0.8468
University of Wyoming,25,1123,17652,12511.5,19000,9500,62802.32,51123,0.9569
Upper Iowa University,22,1010,35190,15882.5,22500,12360.5,48304.02,38423,0.5818
Ursinus College,27,1182,57163,27000,27000,10241.5,99543.43,89174,0.6633
Utah State University,24,1087,16020,8750,13500,6500,44547.68,29227,0.9674
Utica College,21,946,44394,18000,25000,9065,64313.98,55077,0.8542
Valdosta State University,22,1033,20958,16000,25245,11000,63517.53,51351,0.5522
Valparaiso University,26,1158,43185,23250,27000,11925,90375.63,81419.5,0.7969
Vanderbilt University,33,1475,59890,13000,13750,8959,99004.36,74999.5,0.1274
Vanguard University of Southern California,23,980,41952,19895,25000,12500,82048.82,67855,0.6977
Vassar College,32,1394,59320,16590,17545,7500,115433.73,102049,0.2411
Villanova University,30,1316,56265,25000,27000,17750,130737.82,112696,0.489
Virginia Commonwealth University,24,1102,25291,19125,24750,11750,69541.5,55696,0.6913
Virginia Military Institute,25,1141,24643,19710,23500,8500,95765.01,89939.5,0.4732
Virginia Polytechnic Institute and State University,0,1220,25513,21500,25000,13925,104751.65,95419,0.7028
Virginia State University,17,811,20075,17000,28451,9531,49397.69,39006,0.9459
Virginia Union University,15,750,26885,14250,31000,9500,49664.21,39816.5,0.5848
Virginia Wesleyan College,21,1021,41010,12500,27000,6000,81448.63,71035,0.9311
Viterbo University,24,1090,32956,21500,27000,10672.5,64999.51,57043.5,0.706
Wagner College,25,1154,49453,22875,27000,8750,101715.27,94891,0.6988
Wake Forest University,0,0,58260,21000,22810,12750,124215.22,103314,0.352
Walla Walla University,24,1072,34747,22000,28250,18333,72764.77,55205,0.9286
Walsh University,23,1047,34994,21500,27000,10500,73940.26,67420,0.7713
Warner University,19,908,28555,15306,24375,9500,48240.15,38439.5,0.3378
Wartburg College,24,1077,43312,24124,27000,10500,87843.22,79035.5,0.7765
Washington & Jefferson College,0,0,49507,27000,27000,9500,101619.52,95549.5,0.3973
Washington and Lee University,32,1392,56616,18543,19500,0,132813.41,112856,0.1843
Washington College,27,1168,52243,25000,27000,8750,123228.4,108663.5,0.6655
Washington State University,22,1030,26292,15736,20977,11250,70810.85,58238.5,0.8208
Washington University in St Louis,33,1474,62594,19500,20125,16742.5,97020.72,77947.5,0.1555
Wayland Baptist University,20,940,21543,12500,18750,9500,45325.2,36554.5,0.9862
Wayne State University,23,1050,20199,16000,21500,13500,44037.59,30304.5,0.7624
Waynesburg University,23,1015,28822,23000,27000,12500,69531.78,64789,0.7523
Webster University,24,1107,37363,20500,25000,16250,72024.67,61052,0.5806
Wellesley College,31,1399,57164,8000,8225,6832.5,91334.36,74657,0.2911
Wentworth Institute of Technology,24,1109,43850,21700,27000,9500,89672.88,81863,0.5761
Wesley College,20,841,35199,14250,30750,9500,75952.19,65621,0.625
Wesleyan University,31,1387,61167,17625,18633,8500,106492.97,88497,0.2092
West Chester University of Pennsylvania,0,1105,24997,19695.5,23811,14000,87436.62,82783,0.5156
West Liberty University,21,984,18406,15000,24624,10980,54696.02,48827.5,0.7122
West Texas A & M University,22,994,17553,13573,21500,9625,51091.58,39169,0.7403
West Virginia State University,20,942,13756,12916,23787.5,9500,36024.82,25404.5,0.4478
West Virginia University,24,1062,16898,14625,23808,9500,78406.72,69116,0.851
West Virginia University Institute of Technology,21,990,14465,14625,23808,9500,44064.53,34515,0.5131
West Virginia Wesleyan College,23,1021,38796,15300,26000,5750,78037.22,70830,0.7696
Western Carolina University,22,1034,17805,15000,21249,8261,64748.81,55820,0.3766
Western Connecticut State University,0,0,19446,17050,24250,11000,76059.55,67834,0.6549
Western Illinois University,21,970,24375,17729,24000,11000,74171.17,65915,0.5931
Western Kentucky University,22,1009,16538,15000,24431,11000,53605.57,42198.5,0.9232
Western Michigan University,22,1030,22483,20875,27000,12000,81449.44,74325,0.8285
Western New England University,24,1077,45850,20159,27000,8905,94324.16,87684,0.8151
Western Oregon University,0,950,21732,17500,25000,11500,63395.09,53889,0.882
Western State Colorado University,22,1005,18875,12000,20497.5,8481.5,71289.92,60062.5,0.932
Western Washington University,25,1114,22009,15500,19500,10476,70343.27,60238,0.8371
Westfield State University,20,995,19468,16250,23026,7500,81421.39,78180,0.7487
Westminster College,24,1090,33354,20000,27000,9500,77986.69,64767,0.719
Westminster College,23,1040,42474,26000,27000,10500,81225.32,75532,0.7336
Westminster College,25,1134,37990,17958,24500,9500,64341.97,50415,0.7517
Westmont College,27,1193,51760,19500,23250,12000,116953.6,96799,0.7016
Wheaton College,0,0,56934,22500,24000,6700,99677.32,92594,0.6737
Wheaton College,30,1318,41394,21179,23000,13750,99339.64,83641,0.6871
Wheeling Jesuit University,22,1023,34213,16625,27000,10440,71873.4,66698,0.6892
Whitman College,30,1327,54865,14600,15990,8750,106429.17,93725,0.5696
Whittier College,23,1043,49920,21500,26000,11000,87350.78,75319,0.6325
Whitworth University,0,0,45655,22500,26036.5,13000,84102.38,74397.5,0.6452
Wichita State University,24,1089,14764,15250,21750,11000,52548.32,41686,0.9576
Widener University-Main Campus,0,1025,50294,20850,27800,9500,72258.59,60128,0.6726
Wilkes University,0,1060,42612,20255.5,27000,9500,76389.38,71479.5,0.7598
Willamette University,27,1198,52665,19538.5,23500,8750,97165.98,82978,0.5784
William Carey University,24,1105,23962,18375,23978.5,12667,36120.41,25265,0.4877
William Jessup University,23,1039,34811,17000,21500,13298,66233.18,56144,0.6929
William Jewell College,25,1146,42688,19500,26000,7250,87388.08,75990.5,0.5778
William Paterson University of New Jersey,0,1010,21990,18750,25382,11000,71005.62,54969,0.6811
William Penn University,20,926,33081,18740,25563,12500,53458.98,45954.5,0.5766
William Woods University,23,1047,33016,15985,22650.5,6500,69085.18,58119,0.7514
Williams College,32,1439,59412,11248,12005,6625,106459.04,88403.5,0.1702
Wilmington College,22,1006,39415,21576,27000,9750,68059.17,61722,0.4603
Wingate University,22,1013,35465,15750,25976.5,8715,76948.17,68642.5,0.793
Winona State University,23,1070,20449,18288,24000,9221,82392.18,80304,0.6075
Winston-Salem State University,18,889,15990,20499,27687,15000,42348.28,30559.5,0.5565
Winthrop University,22,1030,24595,19976,27000,9500,67902.81,56621.5,0.7225
Wisconsin Lutheran College,24,1097,34192,16172,24634.5,8750,83771.68,75194,0.6356
Wittenberg University,24,1119,50728,21758,27000,10199.5,102244.08,89184,0.8932
Wofford College,27,1186,47856,19500,24000,9500,104265.69,91037,0.688
Woodbury University,22,987,42465,27000,31000,23250,49061.63,35334.5,0.5575
Worcester Polytechnic Institute,0,0,55866,27000,27000,22500,99994.76,93479,0.5159
Worcester State University,22,1016,18494,14500,19503,8250,71596.51,62776.5,0.6062
Xavier University,25,1132,45080,24000,27000,10500,100738.63,88138,0.6997
Xavier University of Louisiana,23,1048,27550,18000,27000,11931.5,57479.8,38660.5,0.5443
Yale University,34,1497,59320,12000,12000,12775,73769.14,45652.5,0.0705
Yeshiva University,26,1217,53825,15358.5,19361,10500,109592.47,87607,0.8216
York College Pennsylvania,23,1045,27266,20500,26903,9271,92016.29,86883.5,0.7351
Young Harris College,21,980,34007,10500,26000,8835,72203.98,57743.5,0.5365